-- phpMyAdmin SQL Dump
-- version 5.0.1
-- https://www.phpmyadmin.net/
--
-- Host: 127.0.0.1
-- Generation Time: Apr 22, 2020 at 03:40 PM
-- Server version: 10.4.11-MariaDB
-- PHP Version: 7.4.3

SET SQL_MODE = "NO_AUTO_VALUE_ON_ZERO";
SET AUTOCOMMIT = 0;
START TRANSACTION;
SET time_zone = "+00:00";


/*!40101 SET @OLD_CHARACTER_SET_CLIENT=@@CHARACTER_SET_CLIENT */;
/*!40101 SET @OLD_CHARACTER_SET_RESULTS=@@CHARACTER_SET_RESULTS */;
/*!40101 SET @OLD_COLLATION_CONNECTION=@@COLLATION_CONNECTION */;
/*!40101 SET NAMES utf8mb4 */;

--
-- Database: `spark_dental`
--

-- --------------------------------------------------------

--
-- Table structure for table `addmedicine`
--

CREATE TABLE `addmedicine` (
  `Medi_id` int(15) NOT NULL,
  `Medicine` varchar(30) NOT NULL,
  `Category` int(10) NOT NULL,
  `Description` varchar(40) NOT NULL,
  `Company` varchar(25) NOT NULL,
  `Quantity` int(30) NOT NULL,
  `Cost` int(15) NOT NULL,
  `Date_supplied` date NOT NULL,
  `Status` int(5) NOT NULL
) ENGINE=InnoDB DEFAULT CHARSET=latin1;

-- --------------------------------------------------------

--
-- Table structure for table `tbl_adddoctor`
--

CREATE TABLE `tbl_adddoctor` (
  `Doctor_id` int(15) NOT NULL,
  `Login_id` int(15) NOT NULL,
  `D_name` varchar(25) NOT NULL,
  `D_photo` longblob NOT NULL,
  `D_gender` varchar(10) NOT NULL,
  `D_address` varchar(40) NOT NULL,
  `D_specialization` int(15) NOT NULL,
  `D_qualification` int(15) NOT NULL,
  `D_license` varchar(200) NOT NULL,
  `D_phone` bigint(15) NOT NULL,
  `D_altphone` bigint(15) NOT NULL
) ENGINE=InnoDB DEFAULT CHARSET=latin1;

--
-- Dumping data for table `tbl_adddoctor`
--

INSERT INTO `tbl_adddoctor` (`Doctor_id`, `Login_id`, `D_name`, `D_photo`, `D_gender`, `D_address`, `D_specialization`, `D_qualification`, `D_license`, `D_phone`, `D_altphone`) VALUES
(1, 29, 'Dr Mathew John', 0xffd8ffe000104a46494600010100000100010000fffe003c43524541544f523a2067642d6a7065672076312e3020287573696e6720494a47204a50454720763830292c207175616c697479203d203130300affdb00430001010101010101010101010101010101010101010101010101010101010101010101010101010101010101010101010101010101010101010101010101010101ffdb00430101010101010101010101010101010101010101010101010101010101010101010101010101010101010101010101010101010101010101010101010101010101ffc00011080064006403012200021101031101ffc4001f0000010501010101010100000000000000000102030405060708090a0bffc400b5100002010303020403050504040000017d01020300041105122131410613516107227114328191a1082342b1c11552d1f02433627282090a161718191a25262728292a3435363738393a434445464748494a535455565758595a636465666768696a737475767778797a838485868788898a92939495969798999aa2a3a4a5a6a7a8a9aab2b3b4b5b6b7b8b9bac2c3c4c5c6c7c8c9cad2d3d4d5d6d7d8d9dae1e2e3e4e5e6e7e8e9eaf1f2f3f4f5f6f7f8f9faffc4001f0100030101010101010101010000000000000102030405060708090a0bffc400b51100020102040403040705040400010277000102031104052131061241510761711322328108144291a1b1c109233352f0156272d10a162434e125f11718191a262728292a35363738393a434445464748494a535455565758595a636465666768696a737475767778797a82838485868788898a92939495969798999aa2a3a4a5a6a7a8a9aab2b3b4b5b6b7b8b9bac2c3c4c5c6c7c8c9cad2d3d4d5d6d7d8d9dae2e3e4e5e6e7e8e9eaf2f3f4f5f6f7f8f9faffda000c03010002110311003f00fef00838e4100f19c63fc9a5625b19ed9c63dc62b5f508fcb4c0c13970085038dbc0e00efdff0003c525bc2a23cb63fd95c67a939e47e7c9f6f60019af0828a46e24e09039ea093d067ad462265ce15f9f507fc2b51d064ed1dcf7edcfa9a8f19f4fc481fce80286d61d55bf23fe1587e23d7746f0a685ab78a3c477f0e93a0687a7ddeadac6ab76e62b3d3b4cb08bcebfd42ee508fe55a58c00dc5dca41586156772abf30e9cb020800b92080833973d94639cb74e39e6bf840ff00839b7fe0a07f17a6fda13c23fb23fc24f1178b6c7c0fe01b092dfe23f83fc01e22bc866f8bdadf8a23f0f6b6fa678cb4ad2f58bc8f55d1fc3760b69a6f85ec2ff41d317c27afcfe35d7753975dbcd63c1d2f85f9f1388861a0a72fb52e58f457b5db93e915b37b26d27b9dd97e0678faee9439928c79e728c799a5cca1649e8e4e57496eda7d99fb89f1cbfe0e20fd82be0df8aae3c3fa77fc27ff00146cf49bf86cbc41acf8220f0ec514125ecda7dad8ff00c2330ebdac6991f8bade4b8bf8a7bfd4e0bcd2f4bd2ec1aeb7dd5deb1a36aba2c3ebff00b2a7fc1717fe09dbfb587894f80fc3bf192d7e17f8eeeb59d2f42f0b787be38c9a0fc3593e235d6b5a326b3a4cfe00bdbaf106a9a26b2d7ee6e3434f0e4baddb78e62d6ac2723c293e8f7da1eadab7f9c57c51ff00827b7edef1f86741f1ab7c28f1af887c3fe38b1b28f46fb168b7967aecf25c58a437b0de785ad6c63be7b6b132416b06ab1da5c5b69f6c2d124d4448e9337cf5e34fd86ff6b5f02f81f54f1378dbe16eb1a559e8f7cbab5e59dd5bde43756f67a6c17225d56282d66827862b217e06d8ede596dadd66bab08524843af870cf3091ad152ce32f95e528fd5e4a8ae695da50ba973b7069aba577cadbdcfa9abc298a95397d5f25cd946318b78a8d2c4356b2bcd5a8ba694b593d6cb992e8affecdc631b436095652c84fdd7019909538f9807464241e19597a820529204dad8521baf1d739cf4c57f197ff00069cff00c14f7c7df17fc21f127fe09fbf1dbc6a7c5175f00bc0de19f167ecd336b76777378b748f843a5ea771e13f881f0ff58f1549addf0d47c37f0cf58d67e145a7c27f0cded94ba9785fc27e25f10f8634ad6a5f875e0cf04f83be1eff00672b736b32ee8a68df3dd5b38e71c8edd0f5033dabe8a9cbda414d59def7b6a97cff00afb8f8c9c254a7695bbc5abea9369bff00c0a325a754d6e9998f102a0107391918e87073c638c5506b4618c303f883fcaafea3a8e9da7a799733c5083d4bbb0009192c4f200c83cfddede959b6be22d1ef115a1bdb720e70cd940d8ebb4c8880edefb738cf26b4e5f779aff2f997177572a35bf3f307071d08c71cfaad15b3e744794752bea3907e84839e31d38a2a46759e2bb0f14cff00687d235ab5b3cc91c904735809c011ae5e077f30141211832aab310df327029de1dd767d474682eeee24b7bb08915cc00e764cb95608480587cb92ee119c92cca0922b575bd774eb7dd04d711c52a16dc8ec4107007185395caf5fd3b9e7b57d5347b6b48e2b1b880cb720798a252c176ba49994ec1b377cdb383b8e0700826b965dbf239f61faf789e0d1ec26be9586c42bb80c6e01f240192a3771ce580c6ee78c1a7a66bd16a90c53c1289626dc15b7120e08dd9e4fb0ee7f9d7cedf157e36f80fc0dfd9ba178aa4266d727fb2d8a0cba4f2a38818ee0a0afcd20c37390d5b517881346b1b19b46b590c53901195c394de0eedc0a29c0da08e99c9e98c9a5056d6f7f5279e3dff067d097b796562313ca137292993877639016321d4ef2400b8743b88c32fde1fcdf7ec45f066d757ff82a8ffc153be3ef8db49d2f527d0fc71e08f027c2682f4422ff00c3ff006ad4fe23eade3eb9974d58124b76f104b17833c4361ae5cdbcbf694d6f528ecaf6569e60dfbb9afd95ff00891ac2e6d6e9e192c775c346143210486f9b2c8491e59cff007978c2f06bf392e7e16f8d3e1bfed95f1d3c73e05b7926d53f6a2f809e10d734ad48e9d77aae87e04f1bfece5af699f0ef5c4d5b4fb65d12c2e2f3c43e11f8d3e0bf12f836c2fbc536f7be203e02f1ec5a85ee8da4786b4996e7e778962e3838548735a8d68ca56bbf8d352528a579476d3a3ee7d8706ce0b1f8aa6e7c9ed7052719f3460a11a75a35ab559ce5f052a4a4e752697b94fdf76846525ea1f1b34d835c86df4b7b4f2aeace59a481dd8ba340d3c3e6c4ed2c71aa480430a4782e9b536ef55033f889fb47ebde0cf877e22d374af19f8b3c33a2dd6b264b4d22cf57d5ec6cb51d553cc55963b4b1d424b7bcbe58e58403696b0dc5d6fc62d728db3ee5fd9d7e1dfedbbacea9f15f43fda77c4ba96bc9368f2ea5a1eb50f8cbc25afa699a95b698d2cf6ba4da7857f67ef8096da7e95a85fcb2986de4d23c4252c2de39e5d7eeef751ba964fc68f853fb1fff00c2c5f88fe3dd5a5f8a3e29f0ff008badbc69ac6bba858782aced7c17e1df12e937f3d8c9a341e33b6b4d3ae2f7c770e9634cbdfb1c7acea02d34f9b56d52d2c2ced74e686d23fc173cc261259a7d6f16b1786b3ad3a3529c20a35ea50924a959545ff3f23693492e6f79df6feade1a966b4b28960b2f586c4493a10c553ad8bc542587862612a91aadfb476738d39cf91f2c9c5c5c61cb2497e49ffc13ebc33e20fd88ff00e0bc5f0beeaf348bc7f8676edf16bc49afdbf85af5a1d1ef7e0cf8cbe11fc45b7b3bfbdb2b3b8292d9f85ef6e349beb6f0d6a111866f883e16d1b474f2fc50da209ffd3123d3b4fd1e6f262678cdcb624504304d80942920237ab6410c06d2ac0a965dacdfc5078dfe00f88748fda93f678bef04adb68de37d7fc39e2bf82ba56b3e1ed3ef1758bbd56e75bf06789bc39e1783c33a3dcc56777e1ebdf0468df18f4bb7b6bc10d9db78bf5ef0c4b1c9246664b3fee09f4686fe511dc4f25d7d9b2b04d2b2348c36fcaced1ac5112005f92289225c6c8d4205c7ecbc179d62b34c25455685a96170597c14d38a94f10d62e9e22752cdc6326e1866e9c5c94549cdcb5928ff0038f88bc3b97e478bc2cb0d8973c4e3b31cf1d6c3ff00cb9a183a72c24f04e0e569ae6ad5f1ed2e5bca108424a2a3094f9ad63c336bab04967fde490e0440a2c8aca010a5f7e3008c6786e4f4c735e5efe08b4b9d61a3bed222b6b7551b6ead04fa74afbb3bbcf8ade62a76e14467ce7c6e7fbb939fa574df0bc6177cf3c9229c10a40d9b8e482a01caf048032d807049eb5a72f85ec26ce148f5cf38fa723ffadf8d7d7aaf7834a9b6eed7c51dd357d763f39b462f95494badd5edaebd7b1f3c457da7d8afd916ea77101f2f2c54b0200e0e64e0f39c024739cf3457a94df0a3439a5926679d5a462ee10614b1e09c1dc7380075e805151ed65ff3ee5ff8147fccde2a8f2ae66f9adaefbfc91e6ff18be183fc43f11683ac0d7f53d22db4abc956ee2d3268e38efd1e38ad8c323798244091ab832ed9523772c51c298aafeafe15d2af62b6b6d396e20b8b24005cacec487003808ea0750a636e49218ae735bd656daad9e957515e5d25c5d5c89497da8150ce64324581c028ae3f791edc861e5b07071e75e05b8f16c9a96a96babc10adbdbdc469a7dc23279b70b3972c2441fbb5085c46848c951bc9dd935eb46849357e5b26aeaef6edb1e6b9a69ad754ff00adcf9f7c71f0f748b7d6acb50f166b97d2cf15d16b186e238654801f30825fca8a4dc40019647662fb5b86506bdd269b4eb6b0d2dedaf1672eab17ccd1a8dac5892bcfcc781f74e17b83b86393fda43c6de18f8710f86756f1458c374baaea961a2db4ad1b975b9d4751b3b3b58808609c9fdec8b0e59554960eec154b8dcf15c3a59bbf0f5bda4291091c1912233461d1473920a81b5987421be6e06335b3a5149374ed17751935a49add2d775d4cb9a2e4e29a724939456f14f66fc9f43d1346d523965656428a600559be504e5f072dc6df5fa1e6b27c63e0db3d4ac34cf16c3630dcf893c0ba84fe24d02e1f4f9351bd82192dee34df14596996f0df698c6f7c41e14b9d5348b292e2e9ec6cb53974ad62eacef574b5b7966f1ceb363e1ad1b4cba5893f7d3456ee1770606564d99c2bb6d62d8ce02820e4839c76d67770dc69312a7ef04b147c465cb97690322c6c986f3564c08cc4448240be59126daf33158685755e8ce3170a8a51b357e5764e324bbc6567bfdfb1d783c555c1e228e229ce5195296aa36f7a9c93855a724d352854a729c27092719c5f2c934f4fca7f885fb566a7e07f8ffe2ef0d0b5b5d26da6f04f86eefe1eeb1abe89e3e7f879ac6b3e2df196ada3ea275ad7f40f085d68767a85b4da4e8ba3f8560d5b5cd3aeeeee2ef58b3fb2c6615497f0a7f6bdf00fc79f077c5df0f6a9a7de69da4ebfabebb6cba6f80bc17ab69ba4eb1e1ad3e7b9d22e7e2578b7c49f112cb47d7757d1344f075a68d6d068fa5f8ab47f0af89b5fd69b48d2bc07025a49aef893c3ff00bfbf1175ad17c01f19fe22783be1f278a75fbaf86de0cf07f8dbc73e00d13c297772da1e83f12cfc4a934fb0f0ba699752cbe3698c9f04bc466fbc37a55949a8689bfc230dadbea335d6b76fa07e25fed05f146dfc6daff89f48f821a1dff8fb53f175d69d24fa77862cbc30fa4e9b36bb35e5b422e8c53d8f85ed350b89ccb147ad78ddb41f0fcda6c4cb334d636baa5db7e239de07199754c460f1b8472c5d0c4d7ad46789ad4a34234316e962294e519b539aad4dc6492e4e56faa6adfd61c239ee519865d0c5e1ef87a55b03814e184a528d7c64f2ca75b0ef0d5aad3755270a93adcaea51c44aaa72bd48b8b4baefd8cfe315b6a7fb70fecbbe2cd77557d7eebc2763a9e9de20be4b2d3f48bad4bc43e33f85d7ff000cb54f10ae956b05b4622d53c5be31b0bdfeccd2e0b5d0743d26c62b7d12cacec62543fbddf19fe2ff00c68b0bdd2eefe167842df58d36e2799752b89751685d6016b13dacb6d01b2b886fbcd259b06eac8471e245fb4b00b27f2f9f0e3e0843f0c7e1c6afe1df1cdcda789757f14e9b22f8efcb8fed3a1dd7f6869b3cdaa787b4c835ab668751d3eca6d6357d27fb5f57d1e0bdd7e158cea36634a834bd36cba3ff00826a7fc15abf68cfd947e38ea1ff0004fafdbb7c71acfc78d2746d43e107807c0bfb47f88e28edbc51e06f8b7f153e12e87f13343f835f1cbc4b26b7e227f16c3ad5edff0088bc19a178f2eb50b9f1559f8b3c217baef8965f10f853c6b6e7e127dbf82f9bd0ad8aceb0387c251cd29653570b89f6789a75552c42c446be1b11cd38aa7797d6a54ea5382a8a728439e304d723fc97c67c96b50fec0ce71355e0abe6f1c5d2c4d3a7514aa519e1f96be1631a69ce494a8371ab3e4508cdb8b9b5a9fd327c0ff8e1f1f3c45e26d4347f1af86edb44d06dfec9f66be13986eae1a712968a6b39f4a807ee1235067b5d46e52473f3ac25e3ddf75c3e2e68e10d321dcd864542cb95ee704b120f1b4838e0f24e6bc9fe1d5d5d78e7448f59d6b43b8f0e5fb48227d2af5337b6ed6ea214372c1d9ece470af30b692505ccd22c665166cd1f5be23d5342f0ecda536ad7105b59dc5c7d93cc9de548f380c919906edbb896f98b0e9cbd7e9b9d4a9e271d524b0186cb65051a7530f83729518ca09fbd19caa555294f9939b8ce50ba4a2dda497e39858558c234e352b56937292954e5e7716b9ba2b72a8a6d75b5ce9b4ef106b13db097fb26e5c3bbed6567daca0e01522220820673939cf0718a2bd2e0bbb131234773094655652aeaca5580208273804107030067a6734578fec69ff2d67e6aa349f9a5ecddbef6757b5b68ea2bad1ebd7ee3c5754678aea5b70770570792768deaa405f4001190001d7af530e93307bf4573ca4f00c13903953f2e7d864f4af8e7c15e1ffda375df1d7c40d3bc6ff13b415fec23a28d126f0c783a6d363fb26a96ee3c8d562bed735afb44f098b68617104410abb4237367d8bc4bacdc7c30f829ad78daf6f1757d67c35a2dc6ab77725a4b04bbbbb653e71df10ba68848ccd180a8ca08084842597d3a119d58aa504e5524d5386baca752d18eaf6d6496e635a71a519549691a709d497f8609c9f4ed167cebff000519d59b49d03e1d4d02c525c2fc48f87cd047295588e3c61a3cf32e5b38678a19368553be4d9b885cbaf49acf8ce49759f0ec0d34704ab0bccfba7f2f645e5b4a4bb3118d8904840e49202aee66507f227fe0a0ff00b616ade3efd9f3e0078def3c393787878bfe28fc25ba91e6be6ba8745b6bbf1568da9c97267f2552e2dd161109b858a12165122ab01e5b7ebefecade07d0be2378a1be2dead6d1eafa7f82a0b3d37c297334466d324f185d2cd7135fc11fda628e4d57c39682cc592de5b5d416f79af5bdfda8b7d56c34fbeb5f4f11869e132fc1c6bc5ac442ae269d48395f9274eace9b57bbe66d413befef75e53cdc34d57c55774bdea356385ab4eb5ece54dd18d44b97749b9b8db9adeededad97d7b79e1a4bbd2adacf573e5dcdb4515d4b0b2b4ef095863753709e7ac7ba22ac194a4a548653b87cb478924b1f0968573a9c16d7d7eda2e997f74da6452046d52e5f4fb92a25b9b78dcdb47a6c92aa4c2deda3486e248ae6777363e7c9d4eb2d2acab7b117cd93fef2004626b4335b1bc9a338cab5aa9866b8cab06b70621b4cbe647f347c7cba1a7781f5cf155d3144f0a787fe25788490f3460d9695e1bb0d62e6177825865292c76d279a0380f1bbc4e8f1b3ab70c687b7ab429f32873d7a34dcb953fe354a74aed5d5f979f9acdeb6b5d6e7b3cea9a9cdc14b969d49db457f6709d4b5f95daf6b5eda6faec7e54ff00c11fbe1ddc78f6c7f6b7fda5ae2c6cedbc75fb4ff8bfe157c4c4d56d3c73e11f17f8335ad0f5af0c78e3c59e22b8f0bdf783f55f1269765a3b7ed03e3cfda034abbbe9679bfb5ac21d2757d2ecb57d0ed7c37a97883ed6f8a1fb37fc62f106b292697e17d326b40d3ca35bbdf13db416a269a3313b471aca359f35e29ae229a43a6e192674dc565901fce3ff0083686cb5a3fb195a5dddc57d1e9363a07c2eb2d2ee1e210d84da86a3f097c23757da73884c70deff0063e9cfa55e5bc37517990db78891e0904370c1ff00a49b896499a252db76b07e9bb3e5cb1498c6475d9b73db39c1c60f91e24707e599df13e694b31a989e7c2e295094f0538e0a9d5a586e5a14a2e8469d68c3969d3846ea4efcbac568a3eff04f1b66bc3396616965b4b073a52a34ebc163a94b153a539cabfb571aaaad0949549c2552d24d479d28b7673a9f8d7ab7ec73e00f84fa16bff1a3e377885af347f855e10d67e256ada5e8d657b7ba4e8367e08d2ee7c4de22d72ed67d3ef35df190d3ed34f8df48b17f0fd8d81bc3fd9dacf87b5b875bd267b0f977f631fd85b43f187ecb1f14ed3f6bdd0ad75ff881fb7eebdabfc6bf8ffa1f8c94e9faae9e7e24595ac5a37c31d15e38ac3c53a4dafc27d1ff00b37c3fe1a953c417fe32f0978a2cef350f0878c74fbc5d1afb4cfdc6bdf863e13f8fff000a7e2bf83fe2769f3ebdf0e3e37f843c49f0eb56f094d71aa6970cbf0eb5fd3758d12fe78ee746b8d23c45a6ea9e32d335dbfd562d7344d634cd7ec346bbf0d1d0355d2354d346a52f0fe14f034bf0f7589bc337b7e9757f1e9c353d3b51d155ec7edf15f5ccb6bfda3751adc5cbc374f7b35d4af697b35c1b67b77369badbca64eae1fcab29e18caaae599261218275b174b113abcf52557112a49d6854af8aa929d6af5feb8a352d29c20e12746953a54dd8e5e20ce337e27cca9e659e63678b9d0c3d7a545f2c2950c32acfd9ca8d0c3528c28d3a5f557ec629294f9ad5aa54a9511f027fc13d7e29fc56bed0fe257c1bf8a57fe26d43e337ecb9f13751f825f12fc5fadc377a04df160f83f4e82e3c09f16ed741b89eeef5f47f8a1e02d6342f175d5ceb52ff00a5789752d7ff00b1acb4dd0edb4ab75fbffe205e278d344b38f52b154bdb3315cb0b5025d3e5bc4dcaeb1c138f36de2da57cb9279eea490eff003648b647e67c97fb237ecc1e21f04fed43fb79fed293f8b740f11681f1e7c79f08be1bf81b42d2acb51d3351f07e9ffb38f86bc41f0db5ab5d7ad751d57c44b777dad4d7ba76a09ace9dabe9369ab469f6b3e0af0e07827d53eedd5ac123d35596d26b66b84491a3b801644c161b4a82c37c6c5a37e7e5915d0676863ea635e0eb62eb6230693a359c2ac6c94611a9568d29e2a11a6a318c634f192c653846318c14631e58c6368af0f070ad4e8d3a539ca3529c654a3562ed274a09c294b56da6e8aa7095e4dc9c2536dba9229e89e25d1a0d2aca35be3205b78816dca402a8aacbcb865c1520ab0520e7239e4af9875df0e4526a53b0b7b49327ef5c5a4370e3e66f943c9960a3a851c0258e324d15c8f10a0dc7d9a7cba5ee95fe5cbe644b2f726dbaedb6eedb86afd6d34afe891f2f7c3df889fb75f8efc67e2f8f53f02f84bc216d6c96d1cf76351bed5a6967792e5585a451c36b14d0c431201328671205755421dbd37e2645f127c3dfb397c4cd2fc5172dafdf5fe8fabbb49a6c260f96ee696e9d56da599955a37b85419994490c458297604fe8af86b4ad3122f126a70c91c2f797b2c8abb640db50b471a10c73861186059473260e706be78f8cf16acdf0ebc516be1cb9b28b591a65d8b7fb5f94d0473bc288bf685292b98df73295442cc0f0ca08917a96329d4c6fd6696170d8371ab4251a386f691a5274b95c5a8cea546be151b42cb5d9bd4e58e1250c24b0d571389aedc2b45d6c4384aa3f6bcd769469d38ab7368acd36936d6c7e01fed15e018fc67fb22fecb9e0dd7747bebed32e35df86d06b16b1d94cd35a2dbdb5bdc16bd812506dd22684348ad2e5081f390a5ebfa3efd8a3e17693f07ff66bf87de1fb6b3b783fe122b3baf1a5e5dc0e4cfa94de25bdb8bfd22eae9df76fb987c20de18d3e51c98a5b1920725e27af8ebe0df846c2ebe0968da2f8a344975ad623d3b4ecbc968c2392fd74e86d206b78f2e2316f34cfb0348cf2860d3bcac8641fb006189a182d9a3410b5ac48b0602c2114b0f2d22188d2245081225558d00c2281463f1cf15529f34b6ad88ab251778a95594ea38b7bae572695f5d15f56cbc0e11e1f6937154a8d34e49465254e9c69a692d35514ddb4d5db4b1e55aade5cd96a36cd7128786492e6da492423fd4dc3c71bdadc4e85ad7cc16a368c859afa666b88aded019e4af9ff00f6bdb18dbf65ff008ef2bced6f35c7c0af8b9a35b4aa17305f6bbe0cd7bc3d6b2ed756e21b8be86e235e1b6a86dc7835edbe30b2b8872b1e65da6540f1c5099fc995190ab24d222ceb1832491912c33c12379b1fda5fcb487c8be3d69379f11bf65df8b5a2787ecaef5ad5bc55f0e3c723c39a5da5accfa9df5d6aba5ea7ab68b636f62a5ae6e751b8864b4482cadf7dcde5db25a69f0bdccd05b17827158fcb5ca4a30fafe0b9e6da5185358bc139cdc9d928c2109ce4e4d454632726945b5d9884fea98c693728e131328c56ae538e1ebce10d35f7ea429d356d5ba89453938a7f973ff06eff0086aebe1ffec45adfc35d62453acf803e21f85f40d51d731a0b9d37f679f817a44aae929699257bbd36ea72b2be5629e058d238c283fbb1ac49770da4cb682237178ad676b34b288ededeee68a5fb24d28383228b85883224b13346d22ab2bb23a7e3cffc121ed3c503e137ed0daff89fc15e2bf01cfe3efda2b56f1b687a478bfc39adf85752b8d0c7c2bf84fe19bd9adf4ed7f4fd2ef5ed74af187867c53e1bb97fb246b0eafa1ea568c88f1329fd82b50754d2ae55b2d2811bc033b7332317460414552a541cb100e483904d77712aa55f3ecd2ad3a919c2a62b9e12a728ce1252c36093e5926d4a2a519c2e9bd6124ddd33932a84e196e0a3352528e1e2a5cd1e59732ab8a6eeacacda9464d59594d5959a352f7518740d11de284318123b6d374eb58d87da259d644b1b0b6f28936d1978bc949424cb0c641542222a7e7ff01e95a8ea5fdb9afebf697516b571e33d5748bf6b911dd3cf61e1bf11eb3e1cd3e65792dda0163751e9a6ff007dac715b7d86eac4db18a2d8f2f63f107e31fc2cf84bf0d1fe2ffc5ef1b787be1c7c38d02e346b6d5fc6fe2cd44691e1ef0f4bae6b16be19b7d4b57d4ae7cb8749d21350bc59758d735036fa2787f498afb5ed76ff004dd0349bfd4acf5f47d46f5eefc6d677f6325adb68fe20d12d744b936e236d62d66f0c783758b9ba8ad628966549757d67534b99658c9867b79d2691157cb4f1a1050ba4ef77aeda68b4d3d6efd4f46cdec9b32fe1d14bff0007ca642935c6ad2bea17c6da58acdef7fe12a96fbc47ac5e5bc902aa896eaf75abebbd3dd55d1d56cade1dde5c0cbb7e22b5416f2bb00ac15cac678919b076b22bf97114460a65135c5b290c1525f35911fc9fe1b69b7fa0c3e02f05ddea362fa8f86f40d2d7c5768d7edf6dbb6f0ef82f4ef0adce9d6b1d85da2cc90df78934ed5b5ebd68f55b2d3674d3b4e92cc7f6a596a07d5fc4d2da2400de5c451ab162ab2b82b2606d394ced7015f0432b021bf1ab5d45b6e7cc1abbac9a85c3c50a98cb0da658639db18ed34a9e74883a219adeca555c2359c5b4348558d56f6c5efa63141733a838de9796f6e01c9254a1b0b9248ce4b798339036020962b4518b49b95bee378fc2bd3fccf7196da3b6786ce321649f0ecc06d0c5151816206e62030d99070d9e8393e05e33f00789b536f1e9b78a5920d46df659a2001c6cb59e3d8afbc32b33985630aa4128a84aaaab573df136ff00c69abfc5ad3bc09e1df8fbff000af6e354b2d67c4b7a83e1ff0086f59bed1747d4346d36db48d26cf57d72d27d192d7499bc35e2df12ead2ea9a6f882f26f0f6adf629d340d0fc2da6ea69c768da9fc4abff001c6a5a3dcfed5f6f1f877c1b61e28f106bfe29d37e1a7866eb51f143f8dbc39e27f0e7832eed2e3597f14f8460b2f095c6bde03f1ade4f0f84e7d3bc43f120e8a668f43f875e33f0d7c38826961797d9578d7a3eea5594254b15aa84af694d52f66f99ab7eea534fa5e5a1e454aee7cf0787ae959c63514f0e93525acaded2f1e57deddcfaebe0ff00869b43f02f85f49986350d2a1f0fdbca71996296cd6233664c0712848fc9623ab829b8a7cd5f494a0490dbb9326e82405d552479162c01b0f96ad80c47caa485383cf06bf36618fe2168b67a4e932fedcf69a86bde11d04eb5e23d56d7e03f80a19fc43e1db2bcf0a78d2cbc497be1fb243358f8aee3e16cdaada6bb168690786ef2f62f0778e343f09785bc2fe18f887f0e7e246dbebbe248affe08dd6bdfb50fc36f1969de12f11c71fc5ed33c33f076d6d752f8fbe28d7fc3b69e0ed2f45f0ed93f8ebc6179f0bbc1fa2f8cbe23786bc5fe2d8edadbc69e21dfa778334ef1778ebc35e1e8bc65ab78f3971505194aafb7c3a529737f0b1aa3abf7925ec1cefd168937cb7695dc7ab017aedd3f65597b3576a33c2d59351576ef2c4538b5249e9cea505771526945fdabe31b486e2d3cf180536c6f851f3f985b683fde1c9dc1bf84f43922bc2bc1be2d8f53f11fc4cf0da5fdbcd7be0dbcf0e4d7b1de3cf280352f0ede6a4b6932a58ea927d9ee6deceda293fd02e63369753288a564786b898be26d94674fd2ee7e22cf7fadebf79e24d5f43b76d2e2f0dcba86897faecbe26d2f464f085c4d71acda4de08f04f8a7c2c756d46f6283546d2e5b3f196b7069506bb6f043e2116b2c3c5ba6fc5af84fab4f36b3e3e58deeb5bbcf0c6bd0685e2fd2a1d761d1ac34af165bfd8527d3a38f539449a1dcc935b2d85bc3aa6b02ceef46b1b8bc87c2a99ed3a55561ab61eb429b9ba72aae94dd2942efde8c92e76a4ad25751959b4ecd58faea1c318aad4275a857a35a52a4a74e8a4a339394e3ee4e329b826a0da7fbc92ba4d3d6cbd67e0b595ae8be33f1ddd5bcfa83a78b0693756427176914fe15d33c23e09d3341bc834e8edffe11ef0f1b4b96bed12cecf427f0fd8dfd9e9f7b043e15d3df409a7bcfaf742731e965801925327bff001743d7b8fcabe61d23f68bf05f887c396577acdcc3e189af6c2c2ef6dfde584fa30967b78ae1859f8874cb8bdd0aeac41665b5bc82fde2bbb70b736cb2db9320f7a8b5fd1a0d1fed29a95acf6d7d028b0b88668e7b7bc129215e0b9b679ede48cf967e68e5720f0cab95dded6131981c4d36f078ba18a841f2c9d2ad1ab2834dc796714fda4395c5c5a9c572b8b8b6dc59e263b2dc7e58fd9e3b0589c1abce50f6f42a53538f24eb374e4e3cb38ba51e78f24a578b8d97bd14f7a1d2348bfb2d4347d4ad34fd4f45d4b4dd4ad351d3751b582f34fbed3afafeea3bfb0bfb2b88a5b6bab4ba92790dcdacf1cb05c46ee655667653e29e27f87bf0ff00c4b77a9f882d9af74ad52c4adf5eff0067cd6ada6de3786f4e974fd31b53d1b59b6d734055d0acaddaeb44bdb3d2ac2f74fb848e65bcb621ae23dfd43c6b65a447ab7da2f124dfa045ab22a2933fd965583508a4681048c90ba4bb7ed0ec230c9213f7580f92f50d6aef56bdbabe5ba9ff00b2f54bfb55b386176864949595d678e78e48e4b6b859ae4224e8dba358c3a8dd82bc99c66d4b27c37d62ad3756edc614d49c5ca7f6539469d5718b6d27374e518eed3d8f6b86786f13c458b96169547878479655b152a71ab4e8528ae7a8f93db52752aca09aa74d4a29bb3738ee67cda6fec9ff000b3e2a2fed17e21f00ff00687c6f83e1ed8f80ec7e29ebf35a5febfe1cf0b5cea3ab7896efc11a10f1ef8a74d4f0e349ad78a35b92fee7c29a5e9116a9697f15b42f67e1fb3d3740d3fe84f875f1fbe1ff00c65d1f55d6be1e6a4bae58697789637172f2585c58bdca92b7304573a7df6a36d3de583109aae9ab21d574890f95aa58d9ca761f863c590ea1adcd6173a0a5a69cde4cfa76a52f8674e6f11c775a85edfc9e1db67d17c75e31d5bc33a778a677d3f49b6d3f57bf6b0d5352d0671776faad9fda97498b57e4ff0063ef81bf12f4dd4e2f8a7e3b93c54de18d6a4baf10f856d7e206bbe0626c1753d12085f5ef0ee89f0aecedb4dba7d4d6fe6b7d66e3c45abde5ccde1db4d1ed34dd134e99ed7539fe3b25e29cf732cdfd8cb054a7964b49d4a54251961af74a53ab293f696d1bb462a56b46116d27fa8713700f05e51c2588cc1e6b8ac0e7b0a14aa60e9e33154a6b30ad0551e270d430928c2936a2a9cd4a9d59ca9464d4a73968bed6d5b507fed0b926052cd2166da0140c7822352008938e235ca83920e58d1599793adc5d4f228c0f31d719cfdd623ae075183d3bd15fa47a6dd3cd747f3dfcaf6e87e1eb65d16ebfc2db71f9f2b8dfcee7ce9e20f8b7e38bdf11c17b26aaf14f68e91c0d6cf736c1435c23cace21b84f3a5984504724f3992711410c71491aa73a1f0e3e377c40d37e247fc23916a71cd61aab35cdeb5c24e679cc06051149e4dcc16f2c2ef70f3b89ede591665430c9122f974515ea6749468d351f75295928b71495d68945a4979248f9ccba529caba9b7251a709454b549ba8d37b76d35bab743f48b4fb99754d3e56b962ab247671ce96cd25afda0c3324a92cd340e972d286014309d424598a35446756b52dc5f6af0ff006b3dfdc59dd5a6a5a96c16715898e44885c2ac729bcb4bc998325b411cf28956e2ea28618eea69d2dedd6228af85ccef7a4af2b353bae69eb64dabfbfd1a4cfbde1c84250c64e50839c27423193846f18ce33e74bddfb5d746fb3470fe2b9d4a3bfd9e0125ed888ee64412c72cd1b79d2a24b2472a3cbe54cd0ca1e5679677b3b4fb63dd2c255bcbae2f2eee1e166ba9d0a41a85ddae2432fd86ea23295b8b4fb57da0a49f2499f30cab9b8b821417528515f9ee6752a7b5e5f6952cf9d35cf3b59424d69cda59a4d5adaadf7bfeab92d3a7eca8cb9237d1df955fed2fcb4d6f7ea99f3678d6f26b679d86c94dfeb12da5e09d03aceb3e8fa9eaf2caea36af9cd7769182c00411348a13732bafe9f7c38822b7f877e05b34406287c1fe1909bf96c9d12c01638dabb8aaa062146f2bbdf748ceec5159f86918ff0068e7f36af3950c046536db9c94b1952124e4db934e1394756ed19351e5b9978b1293ca78622dbe5962334938dfddbc7014f95a8ab4535777e551bfdae676b75cb1c51dc4afe523e472ae5ca1049255943a865249c86ddc12b9d8028c4b6547b4b6fb422ddadfce2d664b9dd222dae0ab5bc4a190244c9fbb653b895279cf34515fb1d24aa4dfb44a7cb16e3cc94acd6a9aba7669eb7567e67e21cd257b4a4ae9c5b52716e2f7578b8bb3f53c7f5ab6b1d352e354b5d374e1aaf86ae7c41a4693aacb6504da9dbe952fc40d0347bad392fe446ba86cef9f53fed9d460b596dd350d734ed22faf04c9a7c36f54fc753cf05e6936cb34af6bafe9d7b3df5b4ade644935947a7346d68587996a8ed7658dbc727d96030c06ca0b5dafe614574d38a8a734929fbab99249b4e114d3b7c4b57a494ad7d2c0e5276e694a5ca9a4a5294d24df33494dcd6ad27b5efd4f06d56d638afa7890b6c8caaae4ae70543f27682c72c793938c024e28a28a0d63f0af4ff33fffd9, 'Male', 'Pala', 1, 1, 'shebaresume.pdf', 9087654320, 9878654341);
INSERT INTO `tbl_adddoctor` (`Doctor_id`, `Login_id`, `D_name`, `D_photo`, `D_gender`, `D_address`, `D_specialization`, `D_qualification`, `D_license`, `D_phone`, `D_altphone`) VALUES
(2, 30, 'Dr Nisha Chacko', 0xffd8ffe000104a46494600010100004800480000ffe1004c4578696600004d4d002a00000008000187690004000000010000001a000000000003a00100030000000100010000a00200040000000100000106a0030004000000010000011800000000ffed003850686f746f73686f7020332e30003842494d04040000000000003842494d0425000000000010d41d8cd98f00b204e9800998ecf8427effc00011080118010603012200021101031101ffc4001f0000010501010101010100000000000000000102030405060708090a0bffc400b5100002010303020403050504040000017d01020300041105122131410613516107227114328191a1082342b1c11552d1f02433627282090a161718191a25262728292a3435363738393a434445464748494a535455565758595a636465666768696a737475767778797a838485868788898a92939495969798999aa2a3a4a5a6a7a8a9aab2b3b4b5b6b7b8b9bac2c3c4c5c6c7c8c9cad2d3d4d5d6d7d8d9dae1e2e3e4e5e6e7e8e9eaf1f2f3f4f5f6f7f8f9faffc4001f0100030101010101010101010000000000000102030405060708090a0bffc400b51100020102040403040705040400010277000102031104052131061241510761711322328108144291a1b1c109233352f0156272d10a162434e125f11718191a262728292a35363738393a434445464748494a535455565758595a636465666768696a737475767778797a82838485868788898a92939495969798999aa2a3a4a5a6a7a8a9aab2b3b4b5b6b7b8b9bac2c3c4c5c6c7c8c9cad2d3d4d5d6d7d8d9dae2e3e4e5e6e7e8e9eaf2f3f4f5f6f7f8f9faffdb0043000202020202020402020406040404060806060606080a08080808080a0c0a0a0a0a0a0a0c0c0c0c0c0c0c0c0e0e0e0e0e0e101010101012121212121212121212ffdb00430103030305040508040408130d0b0d1313131313131313131313131313131313131313131313131313131313131313131313131313131313131313131313131313ffdd00040011ffda000c03010002110311003f00fde93d6928a29ee40a3ad25145348028a53d68e4d090094514509805145149b00a297a0dd902bf34bf6a4fdb02eb4b925f017c269c09482b71a821c91d8ac5e83b6fefdb8e6a25251576694e93a8ed13ea3f8c1fb4bfc36f846af69a94ff006dd4147fc7b404654ffb6dd17f53ed5f0078a7fe0a1be3fd4e6923f06d95ad942380e54c847b9793683f80afcf3d5b559b51b87d435399ee24662c4b9ca927be4f53f9d7217abaaea719e4a2fa29db81ee4d66eaca4b4d0ef8e1e10dd5d9f51f8b3f6c5f8c9aacac9a9f8aae2353fc16cfe501ff007ef1fd6bcf97f68ff885248b70be21d5662ad90d25c4a40fc4b57cf5fd81676d2869e5dd27a03cfe756d60b6832c5431c71f2f4fc4d4f3bee68a3e47dc1e15fdad3e28e22b23ab4e5092012fbf9f56ee6bdffc07fb4978db48d5049e35b8373037cc1f192c1871f4e715f97161791464031371ce40e4fe95ed1e17f11aea36b2e9973bd5c80a848200e7b82381efec29c6ace2f4629538496c7ecd785bf690f066ad710d9bca3cc9bee8cf3ed93d07d2be8cb1bfb6d4add6e6cdc3a3770735fcd5eb23c4fe14d4cc37324913a6191d73f32b742091c8f715f797eccbfb4278a12682cdeebedab10db35b3a80648fd5181fbe3af239e95db4f149e93386ae16cb9a07eb760fa542e3e6a874ad52c35bd360d5b4c904b05c207461dc1ab3275aea8b388628e6ac1150a8e4559a24243306a271c55823b531c71493199130c9acfdbf856b4a99aa4c3dab56245175c0354a45ad375e2a94a9c54b408cd2bf8d1b7153114d0bfdea62b8d0b4bb6a4d99fba28f2da81dcfffd0fde8a28a53d6a92203914945142401451450d80514514c028a2a1baba86cad65bc9db6c7129663e8179a4d0d2b9f2e7ed45f13a7f0a78564f0c68f26cb9bd8c99dc1c18e13c633d8bf3f803eb5f879e36bd59af19626daec32c4e7e51efee7aedebeb5f75fed1be359bc47abde5e1902c41cb3123fba3e55c7b0c71f9d7c297964854eb17e864694feea2c90141ee7dcf5635e5d5abcf2bf43e830f87f670e5ea79a2dc92dbac2132327de965c003e83a0a61924ba27ce73b4fa642e7bfb9fcabafb8d0d1879b7f208b3d108f917d381fd6b0af23b6b51b590b30f94e5c0e7e807f85352b83858c3b996c2da231c07731f418e7fcfbd6179e247fdf0181d700b13f8f6ade79ae6e06ef2d221d0163927dc28ac49d8c0e77b330cf4440b9f6cd6b1b1848864b6d3272de4de490b607ca4301faf15bbe1f9f53b0b85c5c19909e3fbd8ae3aeafe66942c304ea8fd40e73ebd45751e1f33d9cc974eae635c960e3007b30f4f714e4c515d4fab2e74287c6fe132b772a35fc7196b40f98d8b311c03c8209043023ae0f1c1af1ef07eab77a46a90df5aa4914f0b03e681cab03d0e3d0f635df8d7f4fbad052dac57644583367efc591865073c8e8ca7a82315c0b4f7369af493594cf991bf78090db99782d8ec5f19c0f5a4b4561db53f6abf666f88979a8e80ba07884a2caee5e0214a03bcf3ed827eefbe7dabeaf97ef57e607c0ef135fea5e089ec410b3449ba12382db79f97d186338afbd7e1878fadbc7fe1583560489e36305c2918292a75047bf5fc6bd3c255e7567b9e562e8f2c9c92d0f484eb570ad5641cd5cda6ba247325722c1a611c54d4c614931145d6a932f26b45fa1aa32726b41a29c8b8354a51cd6838f96a9483ad3119ce29306a6614ca04c681c53b02942d2eda067fffd1fde93d6928a2a9b2028a5c9a4a1200a28a284802979349450d80bdabc7fe38789d7c35e04b8741ba4b8f9157d4ff009c57afd7c65fb4c78badac3cc8e661e558c45d81e7271938f7e817eb58e225683b1d782a7cf515fa1f9aff0011ee2e6f6e20d1e0218a3b492e7a331e496f61d5be80579d5ce9b1c39964936f964aee6396cf72074cf3f31edd2bd2e3b0996c65d4a73baeef1bcc6e32cbbcf007d38dbf9f6ae2b584b2b3022c057552179c2afafe3fdd3f8f5af236763e916d73ccb5086d87eedcbc8777cc178fc339e3ebd7e95c15e5d4b24afa6e92504a3ef7c9f247edbb0496f6ae935bbdb9d51db44d17fd1847f3492018655f627f88fb9247a6738e8f4bf02dc456081621186cb65ce0f3d4924e49ff003ed56e5c8af2661c8e6ed13c6ada1733ba9924b823d490ac7dbd17dea692cf52ba1c0112fa80013f4ef5ef367e01b79dc2bb9971fc280ed27d49ef5e8ba67c28b8d42458e38046bd49232692c4ae85fd4dbdcf94b45f054b2dc091c976ce4e7a9cd7d11a0fc37bf3646248d5a365dc03f20e7f957bde85f068e9f234f380de8318c57aee99e1982ca1019702ad56932961e2b43e21d53c29ad69d1b5b416285083c819fc6bc8b55d36f62940b98da1287a8048fcabf4f6ff0041b39f2af183f8579c7883e19e97a9c0e3ca1923d2a5d56f60787470dfb32ebf9bf7d1cbab4fe5928d1bfdedbcf2a79c8afac3e14f8d23f08fc54934bba711596b8bb6452708b70bf7187a6791f5c57e6d7897e18ea9e17d546aba14b2da4f136e8e485ca3a9f6ed5e8ba778eb59d4aca0975a904b7d66cacec06378cf0c3d0e461876238e0d7551aea0d4d1e7e230cdde2fa9fbb301240ddcd497138814b3715c4fc38f11278afc1da7eb7b8334f0ab311dce2ba6d6237788eceb8af796acf9e92b68ca5fdbb0f99b335b514eb3a02bcd78dff666a3f6ddf938dd5ea5a546e90a87ab6ae4a77dcbd25673e724d69cbf7ab31bad4df42910b74aaae2acb1aacdd284c4ca8472693f869edc1a6919aa25a1a3f3a5fc2957814ec9a047ffd2fde9c1a4a28aa688178a4a28a48028a28a6d80514529eb424003ad7e497c77f10ffc25df10e6d12125a29256926ee0410b720ffbe428afd58d7afd74ad0af75463816f6f24993eca4d7e33789a69ad6c2eb5866cde6a9279519ee91264b31fc589fc057163256b247af9542ee52673cace26bad5652a2183e546660a3393961f41c7e26bc53c4cf73e26d55a1b2b78e452d80dbb236aff001111e4f6e9df15dc6b91c975041e1eb539675f364c1c6d5ec5cf61dfdeb93bbd52df4eb7fb069a3787f93207cd2b67a0f6fe7f4ae1949451eca8393b15ac6cadb46916c349896e2766fbd8c804fa727f9d7d0de03f831abf89145e6acccc6439393c01e82badf827f04676813c41e265c4b280c13d07615f6fe87a4dae950886140aa074159d3a6ea3bc8a9d48d2568ee78058fc23d33488d504438ef5d5597862ced46214031e82bd5f5340c46d1dab0e38f93c0ad3d924ec64eb49abb393934a4236edaceb8d30229c2f4aefe48571d306b0effe505715af2ab131a8ee79edc5882a78c1a9f458a05ba115ca86563820d5f99b6b15acfdfb25debc62b34d27735936e2e2cd8f1bfc1ed3fc49a24b3e9e016d9903be7dabf30354b3bcf0df8c25d2b574292213f374debebf5e87f035fafbe15d5da580c2c49c0edd6be41fda4fc0fa5dcdf26ab30f2c9242cc07dc2dc8cfb67f426ba2ad38b5cd13cf84e49f24cfa1ff00634f1a4bac783e5f0cdd72fa7485579e887e603f03b87e35f6c4918906d615f933fb126a92dbfc52bfd2a60eaf7169b88cf01e16c383f982b5fad75eae1a6e54e2d9e26360a355d8cefb043bb7607e55656358d76a8ab14c3d6ba799bdce7b14251ed594fd4d6c4a2b2e41cd5ad895b951bad5573daacb8aacf431b216a6d2b1a66e34d325a1d4520e94b5233fffd3fde8a28a2a932028a28a6028eb4945149200a28a2981e67f192e5ed7e186b4e8706483ca18ebf3b05feb5f94fe30547d55215198ed904299fba3032edff7d1c57e997ed15a89d37e1acb364ffaf8ce3fbc46481f8902bf27bc53a8b34f3da4c7a2a44c41f99dce4b7d064f5fcab8313f16a7bb96ab536fbb3cdf5bd5900b982d8058641896e0e374bb71f2af7238f989e3eb5ee9fb3a7c189bc51aaaf8ef5f8cb431fcb6e8c38ff7b1edfc35f3d691a4cde2df12d9e8901dc2795514818dc3382c07603f847e3e95fb61e0ef0ce91e0ff07c56ca1618ade300b12000147ad72429bab268f4aa54f651badd9856da64362a2de25da00e82b4d60c82a38af23d73f680f869a35fb59de5d39c1c6f48d993f315bba37c5bf006bccaba56a50bb30e10b056fc8d6decac72cae7557b09c8acb584eedb8ad79753b599772306cf4c1cd67bdca03f5a5caae3bbb0d688e4af5ae6b54b72b9f5ae84dea2fcb589a9dec2ebf4a6f61c5bb9c54f01c96aca962f5a5d7bc5be1dd0e369753ba8a0c0cfcec057cf5e22fda53c0da6ca60d349bd941c610803f3a8f62d9a3a87d63e12636f2b316c71c5737f1674bfed8f0fcabb436d5230dc835e29f0d3e3a6b3ad6a416e7c3d70b672f1e6202703d7902bea694596b9a79680968e45230c36b0f620f435b28da3639a6ed3bb3e39fd91ef218be39c089853716970847fd34006413f45afd7a04ed19afca1fd93fc2535b7c79bebc4e63b5fb43608c952723f0ea7ea2bf56c49815e96117eeec78d8efe25c932698738a61987f11a61b851deba52672092293545e16c9ab66e10f7a88dca7a8aa44a33ded89aacf6ad5a6d7510ee2ab35e463b8aab0ccd3667d293ec66af9bd847714c37b0fa8a2c162a0b334bf636ab06fa1f5147dba1f5a2c2e53fffd4fde8a28a2a9220297bd251424014514bc8a570128a5ef495407827ed2f1aff00c2a7bbbc6cff00a3cd13f1df9c63f5afc6bd6f5389b4a7b856c4d70cc4b939c0e8eff4c0c2fd6bf657f69cb5bdbbf823acc7a7825d7c976c7508264dff00f8ee6bf097c4d25c5c85d0610410e518ff00b29818fc4e7f2ae3c4ab34cf6f2d95e0d1ef9fb2269a3c5bf14cea52a9315aab1407f8550800fe3d7f1afd81d73c3fa4eb1a70875d25ad50644592031f53eb5f9f5fb0af833ec577a8ea5283bbcb45191d32c4e2beb9f8c1e26bdd174d9becd1bbf94848083a9f4ace83518b9a3a6b45ca6a0d9e3de31f037c114b7920bbd1ad8f5dcc4907f3cd7c97e20f875f062499bfb1ef0e9f27f0ec9410a7f1e7f5af3cb697e25fc7bf17dc78734674b68a1cb4f713b1f2e15538db0a7cbe6cbcf7c8f6e335e69a8e89adf87f564d220d4a6964301955da0cc6250e4342e7ee290067918e702ade1eb4973dec4fd6e8539723bb3eaef097867c6fa25da4da4f89a5b8b318c4529dc31f535f5c689777371649f6960d263923d6be3cf0d786bc5be14b9b6835508c6e555d7c90511c30c90c9d11c7b706beb5f075a4e2053202a09c107b57154e784b96676270a90538336aee42885ba5793f8e75abe8b4a922d2e411cec30a49c62bd87c490ada5a348bd8715f2578c86a5a85c18ed8924f53d80f5359ce4f645d34a5ab3e6cd7bc0365aaea0d73e2fd46e7519df9f2a104f1fa9c51a578cbe11780ee85b4161125d2704ca15dc7ea715ec7a7780ac3c57a1ea368d752c1b636648c3047ba6c7763d17b20f5eb5f33f83fe1bd9ea5e308b47d574f8a3b18677dc5f79cc0cd92260fc0217e5e3a9e6bd0a7857522a5299e7e231deca6e1185cfb03c15f1a7c3dacb2269f2236de0a8e08fc2bebdf0cdfdb6bf009adb0240017c7715f8f8ff073508fe26caff079276d2e07018312429ee013c95afd4af81da5eaba7058f52e5fcadafe99c52f67c92e4bdd1539aa90e771b3392f861733786fc55a92d9295bab8bc31b1238f2cb75cf7afbb5af5f1f31af9a7c3b6504fad18760de978391d48c9ff1afa3e4b5760768adb2d6f9aa36f4d2dfa9c59aa8a8d2496b677fd01ef8fad547be7a70b492406ab49653676d7b078cdd863ea120aacfa9498eb4c9ece65fbd9acff29e948074ba9ca01ac99b57b804ed35726b09655dc82a81d1a79077a35e80d951b58b93dea06d62e7d4d5dff847ae0fad432e817118e86934c2e55fed7b9f5a3fb5ee7d6ad2e873019229dfd8b2fa52b8eccfffd5fde8a28a2a9b205c1a4a28a1200a28a2958028a28aa02bdf595b6a7652e9d76bbe29d1a3607b861835f847aff83ac2cfc7da85b2b89fcab99218474c142c1988fc08fa9afde753b581afce9bef81b1697f15f5bd5af09956456b98a32b81b5e725b07a1f95bb74ae3c6a7ecdb47ab94ce2aaf2cfa927ec5b710c8dad5b29e51d1947fb3d3f9d7d47e2dd2edefa6962b950c8e3041ee2bc4be1178021f85ff10c8d3379b1d62de4600f3b2452180cfa100d7d25abc4933023a9ae6a2dba367ba67a98ab7d61ca3b348f957c49f0dfc391224da2c3f649203946846d20f7e95e23aa780a03ab9d5e7805d5defde6428725b3d481804f1d719afb5756b029f4f6ae4dec6366f9d47bd4caacfb8429c1ead5cf15d0b45d4eeee84b7f6e8e4e012e093f89cd7b9c36c2261b4739058fa9ef525adb4318db18c1fa56edb5ba984b30e9509396e5cac9ded63cf7c7126ed3caa9e715f3f25b79d2999783c8e2bdfbc5b6efe43b678c6715e3d64898641d41a89af791b457b873f73a2eb1a83f9de7ba9c63fd9c7e158973e08b8bd6dba8c7e701eac707f0af5dd2c7ef0237e75d0cda7eff009941e6b449b57b90e76f76c798e83a3ff60aff00a146213fec815efbe0abed903bceb891bbe3ad79ecf6c919db5d568cfb7644381deaa949a7626ad2528dcd3f0158cf278a06f1ccb705c0eb800939afa9e3b64dc78af3bf06e8c91df4fafba6cf37e58c63a0ee6bd3a26c9af4f0549d3836fab3c2cc710aad449744524b245cd21b204f4ad2c628aece7679ad18371a7864e9580da7ae318e735dcb0c8ac49530e7eb569f36e26ec52b4d350c655866afc7a5c40741572d56aed273717643b5ccbfecd8876154eeb4b464e82ba0a64832a68551f511ccbe9911e8299fd969e95b478349934f9439cfffd6fde8a28a5e4d52440726928a29200a28a29b4014ef4a4c1a4a601546ef4cb5bd95669d4165564c91fc2d8c8fcc0abd4526ae34da77478c6af6373a4ebd6ccfcc6aff0021c71826ba39e326565feed767ab8d3574f96e7570ad04086462dd820c935ca4d7105e4116a56bfeaae6359133e8e323f9d71aa2a17499ecd1c57b5b5d6a7397cb13aed71cd7177c238c96ae87529f631e78af35d7b5311a162d815cf52491e8528dd8973ac456a4e319cf4aea2c4ea97161f698e33b1c641af1bb0b4bcd7ae4be0ac40e01adbd78fc49b5b282d3c2f2da811300c6e55dd59076c21520fbd73c24db6d9d1282d15f535b5f82fe681d1971b572df4af0b06682e1bcbea0d7a3f88bc5090a08ee48498ae1d01279f6e3915e51ff00152dc6a86ec3451da95e22284be7d4b67f4c5132e0f4699d5691aac724e37f0d5e842f91a2da31d3ad793b5b9b722641d3afad7516b7a1a20739e29d39f2dd314e09ea6d4bb647f9b15e8de02f0f0d6f5309312228977b11df9e9f8d796dbbb4f380beb5f4f7c2eb0f234d9ef08e6470a0fb28ff00ebd7661a0a72d4e0c7d674e9be53d0ca244045100aabc003b55bb7eb55a5fbd562dba8af65ec7cbf52d119a65494c3d6b2434863562cff007cd6d9e958d37dfada96e2996ad0706ae555b3e9574f51533dca88d3d6a393eed4bb8d31bee9a940d19cdd69b4e6a6d6e667ffd7fde8a28a2a932028a5c9a4a1a0179fbb460d25142401451450d00514bda825402cc7007534ae07cfbfb4a78c60f0afc399edddc2c97d98d467048c64d739fb3df8e2dbe207c21b1b94904971a6bbd8ce33cab47f773f58d94d7c55fb607c526f10789a7b688e2d34f43141cf52dc13f527f415e6ff00b07fc5a4f077c459fe1c6bd26db7f1302e858e025e27dc1ff6d172bf50b5e451aded2b4aa74d97cbfe09f43f57f6542117beecfd41f1144eb0b38e4fa57854dbeeef192f49daa7919e2be95d72106265615e2da9e9515cc8d6ce387ea052afa33aa84b4373438ed96051110140e80d5ad42f6c2d50f9f3c51f1dd80af1db8f84b6b657bfda9a25dcf6ab28db3a1919933d9f69381fed6315e45e33f0c789f4d06688453c6c48dfb8e09f6c822b48d3bc798f4f0980a78877753f03df273a65d5e7da54a4aa067782180fc7b579eeb1e20f0edadfbc02f22247500838f6af966687e2799da3b5d3e2f2483b8899b24763811e315cfdb5a6b7f680b7502ab1ea4480e7f4a954937647a8f238c6ee536fee3ebc4d6f46b81b61b84627a0cd578ee14dc08a26ebce05788f873e1ccdae4a357f103b7911ff00aa8509552dfde38ebf8d7b4e93651589f2d01200c2e6b2aa92972a3c4ad4e34a7cb095cefb4084bce3bd7d9fe17b0feced0eded9860ecdedf56e6be6ff00869e1f3aaea28ce3f751e19cfb7615f5729c0af5b054f963cccf9acceb734f911525fbd53c1d45412fdea9e0ea2bd196c795d4b67a5329cd4dac50c43d2b1a6fbf5b27a563cdf78d6b4827b172d3a55daa56b576a67b88672b4d6fba6969add2922d99edd69b4e6fbc69b5b2323fffd0fde8a28a2a922028a28a1a00a28a295c0297269297bd34804ac1f15ea10e97e1bbdbd9880b1c4c49271dab7abe61fdab3c652f86be1d3e9b66479f7c7039fbaabd4d73e2a7c94a4ce9c253f6956313f1b3e3bf88e7d67c57710a1062c892423a2f3903f2c0af9ba2d66787578afece4315c6e3246e870559395607b1040fcaba3f88de248cdd4f0c326fdce59c83d5bb0fc2bc84de3c73c5724fcd9038ec2bcba50e58ab1f455a577667f435fb35fc699be3d7c2387c4da847b753b190d95f103e4799147ef17d9c1071d8e6bd662d31a598cac39af897fe09b314b07c16d7ee3aa49abbedcffb31266bee8b6d5ad7ed5e4921589e013d7e95d1249dae614db4b42add59f949f30c823a7ad7cf9e3df036a132c9268923287e5a2070a4d7d3374eb2b1dbd2b9dd496db04b01914b91f467561b175284b9e9bd4f826e34df89d661ace1174898db84930bb7d3af4f6a8f41f025fa5d0b9d694a81fc04e73f5afae3536b62a7628f735c4cdb093800529292ea7a53cd6ad48b8ed7eda18f040891844180060003152456e0b82e42aaf24fa55e77b3b0b637b7ec1224e493dfd87bd7131eb173acdf0755f2e107289ebee7deb26947596e796db95f9763ec3f84450dbdc320c2e140af6f4af0df83fb56d274f65af7053c57b98777a5167cde2ff8b245597ef9a9edfad579bef1a9edfef0aea7b1c7d4b8714da7375a6d6291490d6eb59137de35ae7a5644df78d6b4c27b17ad7ad5a3d2aa5af4ab67a54cf71c46523f434b48fc03496e0ccb7eb4ca7b75a656c8ccffd1fde8a28a29b2028a5c738a4aa00a28a2a6c014514bc9aa012bf31bf6d4f14b4f35c5adbb7cd0a79287b03dcd7e9cbbac48646e02824d7e2b7ed83ab496b71e6c8db85d24b27e79c579998cbe0a7dd9ec6510f7a553b23f2b35d9b2656ce543151ee3d6bdd7c2dfb29fc69f1c7846d7c5ba459456f6f73ff1ec973279524aa3f8d548fbbfdd27ad7b57ec4ffb2d5efc73f1da78e7c576e4784f46915e42e30b773a72215f500f2e7f0ef5fa8bf13e23ae7c49d3fc1ba37ee955564729c08e3538c003a70315d74a8c7979a7b214abb9d4e4a665fec91f0a759f845f012cfc37e24544d4679e6bab8543b82b48df28dddf0a056f78a59e2ba2c848e6bde99520b04b68f8555da3e95e29e2eb62cccea39af3711aad0f4b0ba3b19fa2f89ef0e6de77dd8e013d6935bd71e143c75f7ae12dfcd827efd6b42fdccd6e51ff000358d3af24b53a274e37ba39dbdf1758444f9f205f504d73171e3ad37045ae656ec00c0fceb2b5dd237b16038fa57276f60165db8c01e956ebc98fd9aee6edede5febb70af7270abf7507dd1fe7d6baad2ad45b80d8e6b22c6d76f4e31eb5d1db03bd540fc6b1bb6f51ceca3647d41f0866da64858fde518fcebdf17a57c93e14be7b35134470d161863dabeabd32f22d474f8ef63e43004e2be83092bd34bb1f2f8f85aa737709fef1a92dcf39a8263f31a9ad8f3f357735a1c1d4bd487a546d28151f9ab59599a5c9cf4ac997ef9ad03329acd90ab31c7ad6908db7224cbd6bd2ad9e9546dd8015299c034a49b609935237dd350fda01a6b4e0a9a95163bdca4dd69b467268ad883ffd2fde8a28a2a9a202970697d69b4900528eb4945500b83494578cfc66f8ebe03f81fa0aeabe2b98c973383f65b2870d3ccdec3b2ff00798f1f5a718b9b518abb14a4a2aecf4af124e6df449d90fccebb17eae71fd6bf373c5df006e3f687f8870688f398744d25b65fdc21f9b0a7fd4a7fb6e3f21cfa567f86bc4bfb417ed91acf92276f0cf83219b13fd8c95760bd504a7e777f5c61057e937833c17e1cf87de1cb7f0af84ed85ad9db0f954659998f57763cb313cb13c9acf1996daa465525aae8bf5674613309429ca14e3bf5ff00243bc39e15f0ff00813c316fe14f0a5aa58e9f63108a1863185551fcc9ea49e49af976ca3893e2deb5aabf242c50a9f41b727f9d7d75aa49e5da3377c57c31a36b2d77e34d6f2dcfdad80fa2803fa57363e5cb4e2bbb3bb2a85e527d91f474b781a15553dab83d7d04d196cf26adc57cfe585739f7aa77cfe6c442e2bcf93e647a50d2479c5c5961b7fa7a53441fbbf9b915b172319f7a8a17465f4358c51d527a1c0ead62083c71ed5c4fd831270a7eb5ecb7e8190ae0135c55c41b98ae3f2aa9449a726f731e1b70b9de2af5b26c60dd054820dabde99e6796c18f14463a8ea4ba1d6e9faa258abcb21c28435f427c10d7ceade11b59263bb72956cfa82457c63aade931b264e3d057d07fb31ddbdc785ef6d98e4da5e3a8fa380c3f9d7a797cef51d37b3479598d2fdd29f99f4fde5bbc12eeea8dd0d311b6b57428127842b8c8239cd71ba9ea963a4ea7069d7ee216ba25602e70b211c9507fbded5eb427cdeebdcf05a2dcb70037cc697cd4f5ac3bf94a374359475220f4adad1259d57da509f94d3237dd21e6b9b82e0bc9d0d6c5a16dff0035524ba01b284826aa49728afb5aad1fba585727a94ef192f8e950adbb1b47426ea303ad46b748f900d706faacdf7715a361752c95578f4169d0ebe1607353e45675a93b39ab54ec07ffd3fde8a5ef460d253b9014514160a32c78146e014567c97e01db18cfb9ac2b8d46e4b9dec463a015bc28ca44b924617c59f8a1e1ff00847e06bef1aebec192d9711440e1a595bee463ea7afa004d7e3a7813c17e3bfdabfe274de2ef175cbf9573301238c811c5d44510fe1017f2fa9aebbf6b9f88ba87c51f8a763f0b34490c969a74bb5c0390f70e40627fdc181f9d7e887ecf5f0eecbc17e1e8a382208b0c6114e30598f2ee7ea6bd854d60a8f37da7f82396feda577b23dcbc21e14d0fc13e1db5f0c7872dd2d6ced102471a0c0017fa9fe235d2d0a38a2bc2949b776762d8c4d7dcad9b7d2bf35f44d41a0f15df5ca1e25b8918ff00df46bf497c4433a7bb7fb26bf2ee177b7d4a5901ff00968c7f535c3992f721f33dcc997f10fa9acaf56e21439e71cd5b9d94aedcd79b683a9fee4331e71dabb34b9f3406ae148ea926994ae15b71dbc8aa04ec3b71f356f4906e42c0f1deb1fc8fde6e5fc8d66a3a9bf36850bade576e6b11ad7793b8575f241c631db355cd9285dd8f7ada4ac888cac70f76de4c65581cd7392485c96cf4aeaf5989909ae6843943b87359c74dcb7aea7357ad96f6af74fd966ff6f883c45a131e1960b851f9a9fe42bc2ee908628deb5e83fb374f341f1a2e139115c58bc6c4f1960c187e80d76e093f6a9af3fc8e5c7dbd8494bcbf33f43ed1bf778f4ae43e22f8274af889e13baf09eaac625b95cc5321c3c130e63950f6643835d6db1daec9525c8c8c57ab7b4ae8f996949599f9d7f037f680d562f1b5dfecfbf1bdc41e22d32536f05d3fcab74a3ee9e7bbae0a9ef9afb74e869e95f0b7ede3fb3ede78cb428be357812365d7742406e5621879ad90e770c7f143d57db3e95b7fb1e7ed4dff000b4fc34be19f16c81b59d3902bb13ccb18e03fd7fbd5eace9fb587b6a6bd51cf0a8e32f6733ed78b4948cee02a410ec6e056d896da58d668cfca7bd5668998ee4c30f635c4a7dcd9a1224dcbb5aa85d696939f9866b5a05c7de183ef5363350e766524722740849e956a1d29211f28ae8cad318706a954158c258f6d3f69a9d80cd3702b4e626c7fffd4fde8a29a1c104f51eb51994eddddcd5a89171f248a9f5acd92e77b75e05433cc466be0bfdaf7f6a193e1469c3c11e07947f6fde2e5e5186fb2c67a1c7f7cff000fa75f4aedc2e125564a11dcc2ad5515767d31f10be347c34f8604278c3558a09dbeedba6649dbe91a6e7af8cfe217edede17b58ee2cfc1fa45cbdc142b1cb7856145623862992ff008715f317c1afd9a7e22fc53bdff84c3c5f7d716315d9dece496ba981ee58f201afd00f0afec7ff0007343b455b9d2c5dcbfc4f3b17627d4d7b0a961b0efdf7ccce4e6ab536d0fcc4f845adde693e3f7f897af58beb0ac5dd96d9d1a40ee7efed2727a9afda0f837f18be1efc44d0e38bc317604f1afef2da51b2643df2a79ebdc715c59fd95fe0e5f3009a4a5bb29fbd0928c3e841c8af93be3bfecfde20f835a9c5f13bc01792c905b3677b1fdf44dd8330fbea7d4fd0e734eb4a86365ecd3b4ba045d4a2aed5d1faba8f91ed4faf00fd9e7e2e45f163c0d06ab3e16f631b275078de3835eff5f3d5a93a737096e8f42125257464eb49e658baf72a71f957e4cdccf28d4664ee2471ff008f1afd5ff10cc20d364949fbaa4d7e535bcd0ea3a8cb7318f96495cf3dbe63c570e3f0f527455582d13d7e7ff0c7b3936229c2aca94deb25a7cb7fccedb44d4de1555391ef5e9d67aaa3a0e99fad727a2e8f14b1865191ef5d72e90b128d9d3d2bc6b4d1ee4f919be9a84423da8413ef559ae06f1d326b1dad481f3122b2a49678e5daa4914f9ddc9f64ada1dcc2eb23fcc0e07b5599625119e73ec2b9ab1d40a8d8dd4f15d0a4e1e33deb6725631f66d1c3eb30966dc46056014419d8324d7a2df69ff688c3035cd49a70887ca39ac6cdec7446d63ceeeec19d9a523a7415dc7c2441a278f74691c80d713b2bfafce8401fcab3ae422304ebdc8f6aa96979f62f10697a967020bc85f27fdf02becf85f2c752157113ecd2fd4f89e2bcd1539d1c2c1f54dfe87e8d37c9386ab13ae5770a8ee53237ad2acb950ad5c1bd98ccd7653949406561b581190c2bf11ff695f863ac7eca3f1b2cbe2f7c3d8ca687a9dc191635e12391b99adcff00b2e3253f11dabf7164883afbd7937c5ef85da17c61f87da87803c42a047789fba971968665e63917dc1fcc6457760f10a94aef67b9856a7cd1d37303e1b7c42d37c4de1fb0f11e95279d61a940b3c473d037553ee0e437b8af5dc875135a3657ae2bf297f642f156bde02d775dfd993c7ea61d47479e4bbb107a1c63ed08a7babaed953f1afd2cd2750711aba9e08ae8af42d276ff00874674ea7346eceea3badc36b75f7a98fcc3721cfb5612dd452e0fdd6abd05c3060ca6b8a54dad4dd32cef39e698ce706af8f2675f980cd52bab29954b40413e86b3525b3199cc1b3c5370d5913ea1e5486290ec65e08350ff0069affcf4ae942e53ffd5fde8da026df6a85d7e5a994e5055677e2b45732678f7c65f889a6fc2af016a1e33d4883f66422243fc729e117f3afc83fd9f3e1f6a9f1e7e236a1f14bc784dc59dbce647693eecd70790bfeea0c71f415f56ff00c147fc511e9fe10d2bc36b205370ed70eb9c642703f53fa56dfec95e15961f82ba0db6c282e20fb5498182cd3316c9fc081f415f4786fdd6194a3bcbf23826b9eab4f647d41a25e25a422cf41b71290305c8e07e02ba8b593c50cc5a51181e800ad8d174c86de33042a1550630055d813cab929ef5c13a8aef43757ea374fbeb98a42b791953eabd2b98f8ab676de23f877ace9528dc25b590807d55491fa8af518110c67701cf06bc47e346b307857e1feb5a8ef05ed6cde4c67a870547ebc7e35950929d55caacee54d5a0eecf83ff00612f10cd65e22d57c340911c72aba8cf63907f90afd61b9bab6b387ceba711a8ee4e2bf19ff61c5d4dfe21eb3a8d8c62448a040f9eeceff28fd0d7eb6db69b34b2aea5acbf9b32f2abfc11fd07afbd776714a3edb99b32c249fb348bdacca934276f2b8ef5f97535a0b2f1aeada4caad16cba936823903712a7e841afd47bc81a4412b8f6c57c51fb43787134cf11d8f8b2d4046b8530ca4742c9cae7f0cfe55be47ece6e585a8aea4ac70e70ea538471345d9c1dce6b41d464b79c5a5ce1587eb5ea56e52550f9073dabc4ed258f51b459626db2a7424f39f4aedbc39ae6e1f66b9caba9c107ad7ce67194cf035395eb17b3fd0faac9b3686614b9d6925bafd7d0ecee6df20f191f4ac19ed4171c575425465ebc7b55692205ba67debc2940f6e157a339b4b560fb9462b5e00570ad52326d3b7a53195d70cbd2a544d9c8b6d2ee1d7f3ae73559042a7278f5cd5d794e76e706b93d625133f94a4e3196fa574e1a84ab4e34a0b5671627111a30955a8ec96a616f2c1a797ab9ce3b85ed542dacbfb6b58d3b475201b9bb8539e9cb8cfe952dc4bb98e060f7af4cf825e1e8f5bf1e41777281a3b046b8e471bfeea7ea49fc2bf5ba34a197e09f2fd95f8ff00c39f8f57af3cc31aa52fb4ff000ff863ed1d62f2e34cd3ccd6d6ed7210636a9e40f5f7af3287e243990f9b68540f46ff00eb57b30eb5cd6abe16d37512664411cadd481c37d6be0b0f529af76aaf99f7728bdd1ccd9fc49d0e56f2aeb7c0deac323f315d343ad68b7c035b5c21cfa30af29d4bc0f2c529de0af3c1ec6b2dfc1afe59da70715d8f0b4a4b9a0ccb9deccf13fdad3e0bea77f79a77ed13f0c941f11785f125c449c1bbb38f961eec8bbbea848f4af6bf03788ec3c4fe18b1f11694c1edef6149908f4719c7e1d2be40fda274af885a67c3ad61bc31a9dd59cb6ca5dd6091944903712211dc60d61fec29f11bfb57c1377e00be7ccda4b7990827930b9e83e87f9d76428c952d5dedf91ccda551e9b9fa2f0cc08eb5a31ca410d9ae52d6e3790a2ba00fb547ad73ca3735b9d04379b7ef1ad849d268f6f7ae3d49c5598ef0c27935cb3a37d8d148a5e29f0d5f6b690df68ec165fbb2027191d8d71fff00081f8c3fbcbff7d57afe9773fe8caa4f6cd69f9e3d6b964e5176468a29eacfffd6fde58ce1993d0e6a8cbb839ab67e5b81e8c2aa5d32c64bb1c015bc56a62f63f2b7f6eff861e2bf88de30d32c346449e7bab7f2add15cee44dd8791c630072ddfb7e15f717c3bd0adfc31e0fd3f46b55012da08e25c7a22851fcab9cd23c410fc45f1a6b530b554b5d2922b6f3013be43feb1813d0282c3803b9cd7aedbdb200a221800702bd7559ba7184ba1c8a16937dce9b474fdd1dddea2bd8bca984ab5a1a7c5b136d4b790abaeeaf37da7bece94b4d496d764d08dc037d6be39fda7b43f1cf8ff0058b4f855e04b61b753b40d7b70f95860844e1b73b7b98f0aa3939afac6d6e3eccf8278a5bd693ce57c8c31c0c7a569464e954535f226694e3cacf10f815f01bc27f02b40934fd1d9eeefef0abddddc9c348ca380abfc0a32768ebea6bdf923ddf33fe551c51aa8cf53eb53a1c5675aacaa49ce4eed9718a8ab209937c7b6bc0fe3cf873fb6fe1f5e7943335a62e108eb943cff00e3b9afa0d46eac2d734f8afac65b598656452ac0f70c315ae0b10e8d58cd7466589a2aad39537d533f2dbc35a9cd04ebe6f3dabd3cdb19956fad8e661c8ff687a1af33b9d2a6d135cb8d2e51f35bcad19ff809c57a7e8531f2b6b7e22bf41c7616962e9384d5d33e07038bab82aaaad3766bfab1dbe8ba9c57708593871c107a835be4317f635e7d776f2a38bbb3c0907240fe215d368faaa5e461588cf439afcb332cb6783abecea6dd1f73f5acb332a78ea5ed69efd576355c1fe2aaaffdee99ed5aa2389bdf3552e610a9b85795c9dcf4f98e6ef5f6a939c9f4ae22f2e3731da7249c11ea6b7b5ebe119f263386ed5c68932de6939f415f7dc2f9572c7eb7516af6f4ee7e7fc579bf3bfa9d27a2dfd7b7cbfad860472c517e639e49afacbf679d1becfa66a3acbf2d2cab029f64193fab7e95f2d5baef90492fcaabcd7dd3f09ec858f8034f6c60dc2b4cdff036247e98af6788eb72617917da6bfccf0387e9f3e25cdf44ff00c8f47a2901cd2d7c09f7086c91a48a52450ca7b1ae7b50d252389a680ed0064835d264d607882f3c9b616ca7e693afd2b5a0e5cca31629dad73c2fc6da2db6ab673413a868e78da2707ba918feb5f90bf02f5197e14fed050e9129d90cd3cda74bd87248527f10b5fb23e21dc6dcedafc64fda4746bcf02fc623ac20da2e5e3be888f5070dfa815f49857cca54df53ceabd247eccf878fda0197b66ba976cca16b86f87faa5aeafe1cb4d56d4e56e614941ff7d41feb5d8a366606b91f636363a2d67cd26650aa7daae337ca5ab294eeb90bef9acd219d2dbdcec1b0761567ed66b9d9a5c1f96a1f35ab3f669ea5f31fffd7fde07392afe86b9ff12a5d4d692db5963cd742ab9381923d7b56e83ba33ea2b92f1cdfff0064f86f53d6b38369673cc0fba44c47eb5d34f49184b63c4ff677d02e2cfe1fea3ab5e61a6d4ef26b82c390c19ce083dc6315edd026dc0aa5f0db4b5d2be1c693a6018d9671e7ea54135aaab8715d0aa5dc910d6c7416bc0c5599177215aab6c78abc3915c93dee688e3afc3c6c7158da678862bad6e4f0dcdf7d22132b6781938dbf538257e86bb9bbb61276af9be5b1fedff13fdb2cd990ade96574247cb07ca3a751bb71c577d14aac794ca4f959f47407e528c3a7eb4bf74fb521525165e9c6703d7bd3d79c6eae37dcd4b5172292e23df1914f4e16a4ea2b2bd9dc67e727c78b25f0e7c44370c36c77e8b3038e370f9587e80fe3599a25c0923592220fb57bb7ed49e196bff0edaeb76ea0c9653609ff0066418fe6057c93e1ed5fece44641047506bf4bca6aaaf8584baad3ee3f3ecde97b1c4cd747afdfff0004f6e5b8455f98e077aca90bc138b9872b9fbc077f7aa115fc32aee41924738a59ae558042091e80d18fcba9e2e9ba5551397e6753055555a4ff00e09e89a66aa92c2bb8d335cd563b4b42f9c93d00ea6bce6ceeaee19cece100e70785f6f7355b50bcb8b9977393bb1800f402be3f07c3151621ac47c0bf1feba9f698de2aa6f0ea586f8dfe1fe7e4549e792ea76773924e58fa0f4a992341f37b55541838cfd7deb4231901457dec62a29247e7d39b936d892b111b3039e3007bb57e8de896434dd0acf4e51810411a63e8a057c05a0e9dfda7aed869b8ff005f731263db70cfe95fa232ff00b35f29c53535a54d79bfc8fa6e19a7a54a9e888d73fc353d5753538e95f24cfaa42d79aea172d7ba83cdfc20ed5fa5773aadcfd9ecd957ef3fca2b8431aa0aedc1c6d79b33aafa230b5483ce4db5f997fb7e787fcab5f0f78854600796d9c81d880c3f91afd44b84de2be27fdbaf475bbf8113eaaa9b9b4fbbb79b3e80b6d6fd1abd5c3cf96699cb515e2cecbf64af111d7fe0e69323b6e6b746b76fac6481fa62be9c47c36eafcfbfd8275dfb4f8435ad05cfcd69729328cf45997fc56bef6f33122a52aab966d0e0fdd46f6eca55284e6e18fa0a9c1f939aa96ff799bdeb22cb6f8cd378a4272c68a423ffd0fdd989b2a56bcc7e35311f09b5f2870d258bc791fed909fd6bd2e2ef5e65f1a3fe4936b3ff005ee3ff00472d74c3e24616ba3d1b47885be996b6c38090a281ff000115448c3d69d97faa83fdc4ff00d0456737dfab86ec5234adce0568a9e0566c1d2b457b5653dc71d8e43c7fe211e15f095eebb8dcf147b635eed23fca8a3eac45729e03f0e7d8b4b83ccf99e240ac7d5bab1fc4934df8edff0024f64ffaf9b3ff00d1eb5d9785ff00e41cdfef574d26e345b5dc89eb3b1d2429988a374a831b5bd6adc5f70d563f7ab953d4d0b2878dad530eb500fbd538eb50c68f30f8b7a049e22f01ea9a65b713496ee6238e9228dcbfa815f95be17d7adb57716ba80f22e97d78c9afd85f117fc82e7ff75bff0040afc48d07fe46dff8157dcf0b49ba3522fa347c8f12c129d397a9f4243e75a32abfca3b1ed5bf691bde30443938ce7d3deb2751ff005295bbe1efbe7feb9d7d1397bad9f32a0b9ac5c6088a6cedc02e791edea4d655ddbfd978624b93c93deb4e1ff90b37fb8d506b5ff1f0bf5ace08d65bd8c68137316ad144c373e9546d7a1ad3fe2fc2b43368f46f84d69f6cf885a6c78c888c931e3fb8871fa915f6e48706be37f829ff00251adbfeb84ffc96bec693ad7c2f1249bc525e5fab3ed78757fb337e6ff24397a54d50af4a98f4af9e67bc721a84ff006bb82c0e51385ff1ac69fef55e5fba7e95467fbd5ead356b2462ddca6f5e21fb44f873fe129f82be22d1946e696ce4651fed20dc3f515edef5c27c48ff00927dabff00d7a4ff00fa09ae95b9935747e5c7ec07e2230f8eaef4576e350d38311fedc0e3fa135faad0cbe6df951dabf1e7f610ff0092bd6dff005e373fcc57ebfd87fc845aba713f199d3d8ead8e13f0aa76e4e0d5b7fb9f8554b7e95ca6acb8838a7e05353a53e811ffd9, 'Female', 'Erumely', 2, 2, 'ABSTRACT.pdf', 9876231234, 9045321234);

-- --------------------------------------------------------

--
-- Table structure for table `tbl_addpharmacist`
--

CREATE TABLE `tbl_addpharmacist` (
  `Ph_id` int(15) NOT NULL,
  `Login_id` int(15) NOT NULL,
  `Ph_name` varchar(25) NOT NULL,
  `Ph_gender` varchar(15) NOT NULL,
  `Ph_address` varchar(40) NOT NULL,
  `Qualification` int(15) NOT NULL,
  `Ph_phone` bigint(15) NOT NULL
) ENGINE=InnoDB DEFAULT CHARSET=latin1;

--
-- Dumping data for table `tbl_addpharmacist`
--

INSERT INTO `tbl_addpharmacist` (`Ph_id`, `Login_id`, `Ph_name`, `Ph_gender`, `Ph_address`, `Qualification`, `Ph_phone`) VALUES
(1, 36, 'Shani james', 'Female', 'Kottayam', 1, 9876243109);

-- --------------------------------------------------------

--
-- Table structure for table `tbl_addreceptionist`
--

CREATE TABLE `tbl_addreceptionist` (
  `R_id` int(15) NOT NULL,
  `Login_id` int(15) NOT NULL,
  `R_name` varchar(25) NOT NULL,
  `R_gender` varchar(15) NOT NULL,
  `R_address` varchar(40) NOT NULL,
  `R_qualification` varchar(15) NOT NULL,
  `R_phone` bigint(15) NOT NULL
) ENGINE=InnoDB DEFAULT CHARSET=latin1;

--
-- Dumping data for table `tbl_addreceptionist`
--

INSERT INTO `tbl_addreceptionist` (`R_id`, `Login_id`, `R_name`, `R_gender`, `R_address`, `R_qualification`, `R_phone`) VALUES
(1, 37, 'Liya John', 'Female', 'Pathanamthitta', '1', 9087676545);

-- --------------------------------------------------------

--
-- Table structure for table `tbl_addtimeslot`
--

CREATE TABLE `tbl_addtimeslot` (
  `Time_id` int(10) NOT NULL,
  `Slots` varchar(20) NOT NULL
) ENGINE=InnoDB DEFAULT CHARSET=latin1;

--
-- Dumping data for table `tbl_addtimeslot`
--

INSERT INTO `tbl_addtimeslot` (`Time_id`, `Slots`) VALUES
(1, '10:00 AM'),
(2, '10:15 AM'),
(3, '10:30 AM'),
(4, '10:45 AM'),
(5, '11:00 AM'),
(6, '11:15 AM'),
(7, '11:30 AM'),
(8, '11:45 AM'),
(9, '12:00 PM'),
(10, '12:15 PM'),
(11, '12:30 PM'),
(12, '12:45 PM'),
(13, '02:00 PM'),
(14, '02:15 PM'),
(15, '02:30 PM'),
(16, '02:45 PM'),
(17, '03:00 PM'),
(18, '03:15 PM'),
(19, '03:30 PM'),
(20, '03:45 PM'),
(21, '04:00 PM'),
(22, '04:15 PM'),
(23, '04:30 PM'),
(24, '04:45 PM');

-- --------------------------------------------------------

--
-- Table structure for table `tbl_appointdoc`
--

CREATE TABLE `tbl_appointdoc` (
  `Appoint_id` int(15) NOT NULL,
  `Doctor_id` int(15) NOT NULL,
  `Patient_id` int(15) NOT NULL,
  `Appoint_date` date NOT NULL,
  `Time_id` int(15) NOT NULL,
  `Status` int(5) NOT NULL
) ENGINE=InnoDB DEFAULT CHARSET=latin1;

--
-- Dumping data for table `tbl_appointdoc`
--

INSERT INTO `tbl_appointdoc` (`Appoint_id`, `Doctor_id`, `Patient_id`, `Appoint_date`, `Time_id`, `Status`) VALUES
(2, 1, 2, '2020-04-14', 1, 1),
(4, 1, 2, '2020-04-14', 3, 1);

-- --------------------------------------------------------

--
-- Table structure for table `tbl_appointment1`
--

CREATE TABLE `tbl_appointment1` (
  `Appoint_id` int(15) NOT NULL,
  `Doctor_id` int(15) NOT NULL,
  `Patient_id` int(15) NOT NULL,
  `Day_id` int(15) NOT NULL,
  `Slot_id` int(15) NOT NULL,
  `Date` date NOT NULL
) ENGINE=InnoDB DEFAULT CHARSET=latin1;

-- --------------------------------------------------------

--
-- Table structure for table `tbl_blkappointment`
--

CREATE TABLE `tbl_blkappointment` (
  `Block_id` int(15) NOT NULL,
  `B_date` date NOT NULL,
  `B_slot` int(20) NOT NULL,
  `Status` int(5) NOT NULL
) ENGINE=InnoDB DEFAULT CHARSET=latin1;

--
-- Dumping data for table `tbl_blkappointment`
--

INSERT INTO `tbl_blkappointment` (`Block_id`, `B_date`, `B_slot`, `Status`) VALUES
(1, '2020-04-14', 1, 2),
(2, '2020-04-14', 2, 2),
(3, '2020-04-14', 3, 2);

-- --------------------------------------------------------

--
-- Table structure for table `tbl_bloodgroup`
--

CREATE TABLE `tbl_bloodgroup` (
  `Blood_id` int(15) NOT NULL,
  `Bloodgroup` varchar(25) NOT NULL
) ENGINE=InnoDB DEFAULT CHARSET=latin1;

--
-- Dumping data for table `tbl_bloodgroup`
--

INSERT INTO `tbl_bloodgroup` (`Blood_id`, `Bloodgroup`) VALUES
(1, 'A+'),
(2, 'A-'),
(3, 'B+'),
(4, 'B-'),
(5, 'AB+'),
(6, 'AB-'),
(7, 'O+'),
(8, 'O-');

-- --------------------------------------------------------

--
-- Table structure for table `tbl_bokkingpayment`
--

CREATE TABLE `tbl_bokkingpayment` (
  `Booking_id` int(15) NOT NULL,
  `Doctor_id` int(15) NOT NULL,
  `Patient_id` int(15) NOT NULL,
  `Appointment_Date` date NOT NULL,
  `Amount` int(15) NOT NULL,
  `CardNumber` int(15) NOT NULL
) ENGINE=InnoDB DEFAULT CHARSET=latin1;

-- --------------------------------------------------------

--
-- Table structure for table `tbl_casereport`
--

CREATE TABLE `tbl_casereport` (
  `Case_id` int(20) NOT NULL,
  `Doctor_name` varchar(20) NOT NULL,
  `Sno` int(10) NOT NULL,
  `Pt_name` varchar(20) NOT NULL,
  `Op_no` int(10) NOT NULL,
  `Occupation` varchar(25) NOT NULL,
  `Date` date NOT NULL,
  `Marital_Status` varchar(15) NOT NULL,
  `Address_ph` varchar(60) NOT NULL,
  `Chief_complaint` varchar(70) NOT NULL,
  `History_presentillness` varchar(70) NOT NULL,
  `Past_dentalhistory` varchar(70) NOT NULL,
  `Cardiovascular` varchar(5) NOT NULL,
  `Respiratory` varchar(5) NOT NULL,
  `Gas` varchar(5) NOT NULL,
  `Neural` varchar(5) NOT NULL,
  `Hepatic` varchar(5) NOT NULL,
  `Renal` varchar(5) NOT NULL,
  `Endrocrine` varchar(5) NOT NULL,
  `Detail1` varchar(300) NOT NULL,
  `Allergicto` varchar(20) NOT NULL,
  `Hospital_operate` varchar(5) NOT NULL,
  `Detail2` varchar(300) NOT NULL,
  `Ab_bleeding` varchar(5) NOT NULL,
  `Detail3` varchar(300) NOT NULL,
  `Pregnant` varchar(5) NOT NULL,
  `Trimester` varchar(10) NOT NULL
) ENGINE=InnoDB DEFAULT CHARSET=latin1;

-- --------------------------------------------------------

--
-- Table structure for table `tbl_category`
--

CREATE TABLE `tbl_category` (
  `cat_id` int(10) NOT NULL,
  `Category` varchar(10) NOT NULL
) ENGINE=InnoDB DEFAULT CHARSET=latin1;

--
-- Dumping data for table `tbl_category`
--

INSERT INTO `tbl_category` (`cat_id`, `Category`) VALUES
(1, 'Tablet'),
(2, 'Syrup');

-- --------------------------------------------------------

--
-- Table structure for table `tbl_clinicexam`
--

CREATE TABLE `tbl_clinicexam` (
  `Clinic_id` int(15) NOT NULL,
  `Patient_id` int(15) NOT NULL,
  `No_teeth` int(10) NOT NULL,
  `Missing_teeth` int(10) NOT NULL,
  `Fractured_teeth` int(10) NOT NULL,
  `Discoloured` int(10) NOT NULL,
  `wasting_diseases` varchar(20) NOT NULL,
  `Crowding_space` varchar(20) NOT NULL,
  `Swelling` varchar(10) NOT NULL,
  `Sinus` varchar(10) NOT NULL,
  `Inspection` varchar(10) NOT NULL,
  `Palpation` varchar(10) NOT NULL,
  `Percussion` varchar(10) NOT NULL,
  `Swell` varchar(10) NOT NULL,
  `Lymphnode` varchar(10) NOT NULL,
  `Sinusopening` varchar(10) NOT NULL
) ENGINE=InnoDB DEFAULT CHARSET=latin1;

-- --------------------------------------------------------

--
-- Table structure for table `tbl_days`
--

CREATE TABLE `tbl_days` (
  `Day_id` int(15) NOT NULL,
  `Day` varchar(15) NOT NULL
) ENGINE=InnoDB DEFAULT CHARSET=latin1;

--
-- Dumping data for table `tbl_days`
--

INSERT INTO `tbl_days` (`Day_id`, `Day`) VALUES
(1, 'Monday'),
(2, 'Tuesday'),
(3, 'Wednesday'),
(4, 'Thursday'),
(5, 'Friday'),
(6, 'Saturday');

-- --------------------------------------------------------

--
-- Table structure for table `tbl_doctoravail`
--

CREATE TABLE `tbl_doctoravail` (
  `Avail_id` int(10) NOT NULL,
  `Doctor_id` int(15) NOT NULL,
  `Month` varchar(10) NOT NULL,
  `Date` varchar(50) NOT NULL,
  `Timeofavailable` varchar(40) NOT NULL
) ENGINE=InnoDB DEFAULT CHARSET=latin1;

--
-- Dumping data for table `tbl_doctoravail`
--

INSERT INTO `tbl_doctoravail` (`Avail_id`, `Doctor_id`, `Month`, `Date`, `Timeofavailable`) VALUES
(1, 1, 'April', '10,14,15,16,17', '10:00-01:00');

-- --------------------------------------------------------

--
-- Table structure for table `tbl_doctorschedule`
--

CREATE TABLE `tbl_doctorschedule` (
  `Sch_id` int(15) NOT NULL,
  `Doctor_id` int(15) NOT NULL,
  `Day_id` int(15) NOT NULL,
  `Slot_id` int(15) NOT NULL,
  `Status` int(5) NOT NULL
) ENGINE=InnoDB DEFAULT CHARSET=latin1;

--
-- Dumping data for table `tbl_doctorschedule`
--

INSERT INTO `tbl_doctorschedule` (`Sch_id`, `Doctor_id`, `Day_id`, `Slot_id`, `Status`) VALUES
(1, 1, 1, 1, 0),
(2, 1, 1, 2, 0),
(3, 1, 2, 4, 0);

-- --------------------------------------------------------

--
-- Table structure for table `tbl_feedback`
--

CREATE TABLE `tbl_feedback` (
  `Feedbackid` int(10) NOT NULL,
  `Email` varchar(25) NOT NULL,
  `Content` varchar(40) NOT NULL
) ENGINE=InnoDB DEFAULT CHARSET=latin1;

-- --------------------------------------------------------

--
-- Table structure for table `tbl_leave`
--

CREATE TABLE `tbl_leave` (
  `Leave_id` int(15) NOT NULL,
  `Doctor_id` int(15) NOT NULL,
  `Date` date NOT NULL,
  `Reason` varchar(50) NOT NULL,
  `Status` int(5) NOT NULL
) ENGINE=InnoDB DEFAULT CHARSET=latin1;

--
-- Dumping data for table `tbl_leave`
--

INSERT INTO `tbl_leave` (`Leave_id`, `Doctor_id`, `Date`, `Reason`, `Status`) VALUES
(1, 1, '2020-03-04', 'marriage function', 0);

-- --------------------------------------------------------

--
-- Table structure for table `tbl_login`
--

CREATE TABLE `tbl_login` (
  `Login_id` int(15) NOT NULL,
  `L_email` varchar(25) NOT NULL,
  `L_password` varchar(100) NOT NULL,
  `L_usertype` int(5) NOT NULL,
  `L_status` int(5) NOT NULL
) ENGINE=InnoDB DEFAULT CHARSET=latin1;

--
-- Dumping data for table `tbl_login`
--

INSERT INTO `tbl_login` (`Login_id`, `L_email`, `L_password`, `L_usertype`, `L_status`) VALUES
(1, 'admin@gmail.com', '21232f297a57a5a743894a0e4a801fc3', 0, 1),
(27, 'shebababu506@gmail.com', 'c845a9d0d4cf7ffa5f0ecf7a2831080e', 1, 1),
(29, 'hrudyaks@mca.ajce.in', 'de296f4278f2fc32f4182b7e791e0642', 2, 1),
(30, 'shebababu97@gmail.com', 'ce9a65fdc647661cf1e3187563b8c208', 2, 1),
(36, 'sumababu49@gmail.com', 'c845a9d0d4cf7ffa5f0ecf7a2831080e', 3, 1),
(37, 'shebababu@mca.ajce.in', 'c845a9d0d4cf7ffa5f0ecf7a2831080e', 4, 1);

-- --------------------------------------------------------

--
-- Table structure for table `tbl_patientreg`
--

CREATE TABLE `tbl_patientreg` (
  `Patient_id` int(15) NOT NULL,
  `Login_id` int(15) NOT NULL,
  `PF_name` varchar(25) NOT NULL,
  `PL_Name` varchar(25) NOT NULL,
  `P_Gender` varchar(15) NOT NULL,
  `P_DOB` date NOT NULL,
  `P_Bloodid` int(15) NOT NULL,
  `P_Address` varchar(30) NOT NULL,
  `P_Phone` bigint(10) NOT NULL,
  `P_Status` int(5) NOT NULL
) ENGINE=InnoDB DEFAULT CHARSET=latin1;

--
-- Dumping data for table `tbl_patientreg`
--

INSERT INTO `tbl_patientreg` (`Patient_id`, `Login_id`, `PF_name`, `PL_Name`, `P_Gender`, `P_DOB`, `P_Bloodid`, `P_Address`, `P_Phone`, `P_Status`) VALUES
(2, 27, 'Sheba', 'Babu', 'Female', '1997-10-22', 7, 'Chemplavilhouse', 8113843635, 1);

-- --------------------------------------------------------

--
-- Table structure for table `tbl_phrmquali`
--

CREATE TABLE `tbl_phrmquali` (
  `Phrm_id` int(15) NOT NULL,
  `Pharmquali` varchar(15) NOT NULL
) ENGINE=InnoDB DEFAULT CHARSET=latin1;

--
-- Dumping data for table `tbl_phrmquali`
--

INSERT INTO `tbl_phrmquali` (`Phrm_id`, `Pharmquali`) VALUES
(1, 'D.Pharm'),
(2, 'B.Pharm'),
(3, 'M.Pharm');

-- --------------------------------------------------------

--
-- Table structure for table `tbl_prescription`
--

CREATE TABLE `tbl_prescription` (
  `Pres_id` int(15) NOT NULL,
  `Patient_id` int(15) NOT NULL,
  `Doctor_id` int(15) NOT NULL,
  `Date` date NOT NULL,
  `Medicine` varchar(30) NOT NULL,
  `Treatment` varchar(30) NOT NULL,
  `Description` varchar(40) NOT NULL
) ENGINE=InnoDB DEFAULT CHARSET=latin1;

-- --------------------------------------------------------

--
-- Table structure for table `tbl_quali`
--

CREATE TABLE `tbl_quali` (
  `Quali_id` int(15) NOT NULL,
  `Qualifications` varchar(25) NOT NULL
) ENGINE=InnoDB DEFAULT CHARSET=latin1;

--
-- Dumping data for table `tbl_quali`
--

INSERT INTO `tbl_quali` (`Quali_id`, `Qualifications`) VALUES
(1, 'BDS'),
(2, 'MDS'),
(3, 'BChD');

-- --------------------------------------------------------

--
-- Table structure for table `tbl_rquali`
--

CREATE TABLE `tbl_rquali` (
  `Rquali_id` int(15) NOT NULL,
  `rquali` varchar(50) NOT NULL
) ENGINE=InnoDB DEFAULT CHARSET=latin1;

--
-- Dumping data for table `tbl_rquali`
--

INSERT INTO `tbl_rquali` (`Rquali_id`, `rquali`) VALUES
(1, 'High School Diploma + Computer'),
(2, 'Bachelor\'s degree in nursing');

-- --------------------------------------------------------

--
-- Table structure for table `tbl_schedule`
--

CREATE TABLE `tbl_schedule` (
  `Sch_id` int(15) NOT NULL,
  `Doctor_id` int(15) NOT NULL,
  `S_Date` date NOT NULL,
  `Slot_id` int(15) NOT NULL
) ENGINE=InnoDB DEFAULT CHARSET=latin1;

--
-- Dumping data for table `tbl_schedule`
--

INSERT INTO `tbl_schedule` (`Sch_id`, `Doctor_id`, `S_Date`, `Slot_id`) VALUES
(1, 1, '2020-04-10', 1),
(2, 1, '2020-04-14', 1),
(3, 1, '2020-04-14', 2),
(4, 1, '2020-04-14', 3);

-- --------------------------------------------------------

--
-- Table structure for table `tbl_session`
--

CREATE TABLE `tbl_session` (
  `Session_id` int(15) NOT NULL,
  `Session_type` varchar(20) NOT NULL
) ENGINE=InnoDB DEFAULT CHARSET=latin1;

--
-- Dumping data for table `tbl_session`
--

INSERT INTO `tbl_session` (`Session_id`, `Session_type`) VALUES
(1, 'FN'),
(2, 'AN'),
(3, 'Full Day');

-- --------------------------------------------------------

--
-- Table structure for table `tbl_specialization`
--

CREATE TABLE `tbl_specialization` (
  `Spec_id` int(15) NOT NULL,
  `Specialization` varchar(40) NOT NULL
) ENGINE=InnoDB DEFAULT CHARSET=latin1;

--
-- Dumping data for table `tbl_specialization`
--

INSERT INTO `tbl_specialization` (`Spec_id`, `Specialization`) VALUES
(1, 'Dentistry pediatric'),
(2, 'Endodontics'),
(3, 'Maxillofacial and oral surgery'),
(4, 'Orthodontist');

-- --------------------------------------------------------

--
-- Table structure for table `tbl_timeslot`
--

CREATE TABLE `tbl_timeslot` (
  `Slot_id` int(15) NOT NULL,
  `Slot_from` varchar(40) NOT NULL,
  `Slot_to` varchar(40) NOT NULL
) ENGINE=InnoDB DEFAULT CHARSET=latin1;

--
-- Dumping data for table `tbl_timeslot`
--

INSERT INTO `tbl_timeslot` (`Slot_id`, `Slot_from`, `Slot_to`) VALUES
(1, '09:00AM', '10:00AM'),
(2, '10:00AM', '11:00AM'),
(3, '11:00AM', '12:00PM'),
(4, '12:00PM', '01:00PM'),
(5, '01:00PM', '02:00PM'),
(6, '02:00PM', '03:00PM'),
(7, '03:00PM', '04:00PM'),
(8, '04:00PM', '05:00PM');

--
-- Indexes for dumped tables
--

--
-- Indexes for table `addmedicine`
--
ALTER TABLE `addmedicine`
  ADD PRIMARY KEY (`Medi_id`),
  ADD KEY `Category` (`Category`);

--
-- Indexes for table `tbl_adddoctor`
--
ALTER TABLE `tbl_adddoctor`
  ADD PRIMARY KEY (`Doctor_id`),
  ADD KEY `Login_id` (`Login_id`),
  ADD KEY `D_qualification` (`D_qualification`),
  ADD KEY `D_specialization` (`D_specialization`);

--
-- Indexes for table `tbl_addpharmacist`
--
ALTER TABLE `tbl_addpharmacist`
  ADD PRIMARY KEY (`Ph_id`),
  ADD KEY `Login_id` (`Login_id`),
  ADD KEY `Qualification` (`Qualification`);

--
-- Indexes for table `tbl_addreceptionist`
--
ALTER TABLE `tbl_addreceptionist`
  ADD PRIMARY KEY (`R_id`),
  ADD KEY `Login_id` (`Login_id`);

--
-- Indexes for table `tbl_addtimeslot`
--
ALTER TABLE `tbl_addtimeslot`
  ADD PRIMARY KEY (`Time_id`);

--
-- Indexes for table `tbl_appointdoc`
--
ALTER TABLE `tbl_appointdoc`
  ADD PRIMARY KEY (`Appoint_id`),
  ADD KEY `Doctor_id` (`Doctor_id`),
  ADD KEY `Patient_id` (`Patient_id`),
  ADD KEY `Time_id` (`Time_id`);

--
-- Indexes for table `tbl_appointment1`
--
ALTER TABLE `tbl_appointment1`
  ADD PRIMARY KEY (`Appoint_id`),
  ADD KEY `Doctor_id` (`Doctor_id`),
  ADD KEY `Patient_id` (`Patient_id`),
  ADD KEY `Day_id` (`Day_id`),
  ADD KEY `Slot_id` (`Slot_id`);

--
-- Indexes for table `tbl_blkappointment`
--
ALTER TABLE `tbl_blkappointment`
  ADD PRIMARY KEY (`Block_id`);

--
-- Indexes for table `tbl_bloodgroup`
--
ALTER TABLE `tbl_bloodgroup`
  ADD PRIMARY KEY (`Blood_id`);

--
-- Indexes for table `tbl_casereport`
--
ALTER TABLE `tbl_casereport`
  ADD PRIMARY KEY (`Case_id`);

--
-- Indexes for table `tbl_category`
--
ALTER TABLE `tbl_category`
  ADD PRIMARY KEY (`cat_id`);

--
-- Indexes for table `tbl_clinicexam`
--
ALTER TABLE `tbl_clinicexam`
  ADD PRIMARY KEY (`Clinic_id`);

--
-- Indexes for table `tbl_days`
--
ALTER TABLE `tbl_days`
  ADD PRIMARY KEY (`Day_id`);

--
-- Indexes for table `tbl_doctoravail`
--
ALTER TABLE `tbl_doctoravail`
  ADD PRIMARY KEY (`Avail_id`),
  ADD KEY `Doctor_id` (`Doctor_id`);

--
-- Indexes for table `tbl_doctorschedule`
--
ALTER TABLE `tbl_doctorschedule`
  ADD PRIMARY KEY (`Sch_id`),
  ADD KEY `Doctor_id` (`Doctor_id`),
  ADD KEY `Day_id` (`Day_id`),
  ADD KEY `Slot_id` (`Slot_id`);

--
-- Indexes for table `tbl_feedback`
--
ALTER TABLE `tbl_feedback`
  ADD PRIMARY KEY (`Feedbackid`);

--
-- Indexes for table `tbl_leave`
--
ALTER TABLE `tbl_leave`
  ADD PRIMARY KEY (`Leave_id`);

--
-- Indexes for table `tbl_login`
--
ALTER TABLE `tbl_login`
  ADD PRIMARY KEY (`Login_id`);

--
-- Indexes for table `tbl_patientreg`
--
ALTER TABLE `tbl_patientreg`
  ADD PRIMARY KEY (`Patient_id`),
  ADD KEY `Login_id` (`Login_id`);

--
-- Indexes for table `tbl_phrmquali`
--
ALTER TABLE `tbl_phrmquali`
  ADD PRIMARY KEY (`Phrm_id`);

--
-- Indexes for table `tbl_prescription`
--
ALTER TABLE `tbl_prescription`
  ADD PRIMARY KEY (`Pres_id`),
  ADD KEY `Patient_id` (`Patient_id`),
  ADD KEY `Doctor_id` (`Doctor_id`);

--
-- Indexes for table `tbl_quali`
--
ALTER TABLE `tbl_quali`
  ADD PRIMARY KEY (`Quali_id`);

--
-- Indexes for table `tbl_rquali`
--
ALTER TABLE `tbl_rquali`
  ADD PRIMARY KEY (`Rquali_id`);

--
-- Indexes for table `tbl_schedule`
--
ALTER TABLE `tbl_schedule`
  ADD PRIMARY KEY (`Sch_id`),
  ADD KEY `Doctor_id` (`Doctor_id`),
  ADD KEY `Slot_id` (`Slot_id`);

--
-- Indexes for table `tbl_session`
--
ALTER TABLE `tbl_session`
  ADD PRIMARY KEY (`Session_id`);

--
-- Indexes for table `tbl_specialization`
--
ALTER TABLE `tbl_specialization`
  ADD PRIMARY KEY (`Spec_id`);

--
-- Indexes for table `tbl_timeslot`
--
ALTER TABLE `tbl_timeslot`
  ADD PRIMARY KEY (`Slot_id`);

--
-- AUTO_INCREMENT for dumped tables
--

--
-- AUTO_INCREMENT for table `addmedicine`
--
ALTER TABLE `addmedicine`
  MODIFY `Medi_id` int(15) NOT NULL AUTO_INCREMENT;

--
-- AUTO_INCREMENT for table `tbl_adddoctor`
--
ALTER TABLE `tbl_adddoctor`
  MODIFY `Doctor_id` int(15) NOT NULL AUTO_INCREMENT, AUTO_INCREMENT=4;

--
-- AUTO_INCREMENT for table `tbl_addpharmacist`
--
ALTER TABLE `tbl_addpharmacist`
  MODIFY `Ph_id` int(15) NOT NULL AUTO_INCREMENT, AUTO_INCREMENT=2;

--
-- AUTO_INCREMENT for table `tbl_addreceptionist`
--
ALTER TABLE `tbl_addreceptionist`
  MODIFY `R_id` int(15) NOT NULL AUTO_INCREMENT, AUTO_INCREMENT=2;

--
-- AUTO_INCREMENT for table `tbl_addtimeslot`
--
ALTER TABLE `tbl_addtimeslot`
  MODIFY `Time_id` int(10) NOT NULL AUTO_INCREMENT, AUTO_INCREMENT=25;

--
-- AUTO_INCREMENT for table `tbl_appointdoc`
--
ALTER TABLE `tbl_appointdoc`
  MODIFY `Appoint_id` int(15) NOT NULL AUTO_INCREMENT, AUTO_INCREMENT=5;

--
-- AUTO_INCREMENT for table `tbl_appointment1`
--
ALTER TABLE `tbl_appointment1`
  MODIFY `Appoint_id` int(15) NOT NULL AUTO_INCREMENT;

--
-- AUTO_INCREMENT for table `tbl_blkappointment`
--
ALTER TABLE `tbl_blkappointment`
  MODIFY `Block_id` int(15) NOT NULL AUTO_INCREMENT, AUTO_INCREMENT=4;

--
-- AUTO_INCREMENT for table `tbl_bloodgroup`
--
ALTER TABLE `tbl_bloodgroup`
  MODIFY `Blood_id` int(15) NOT NULL AUTO_INCREMENT, AUTO_INCREMENT=9;

--
-- AUTO_INCREMENT for table `tbl_casereport`
--
ALTER TABLE `tbl_casereport`
  MODIFY `Case_id` int(20) NOT NULL AUTO_INCREMENT;

--
-- AUTO_INCREMENT for table `tbl_category`
--
ALTER TABLE `tbl_category`
  MODIFY `cat_id` int(10) NOT NULL AUTO_INCREMENT, AUTO_INCREMENT=3;

--
-- AUTO_INCREMENT for table `tbl_clinicexam`
--
ALTER TABLE `tbl_clinicexam`
  MODIFY `Clinic_id` int(15) NOT NULL AUTO_INCREMENT;

--
-- AUTO_INCREMENT for table `tbl_days`
--
ALTER TABLE `tbl_days`
  MODIFY `Day_id` int(15) NOT NULL AUTO_INCREMENT, AUTO_INCREMENT=7;

--
-- AUTO_INCREMENT for table `tbl_doctoravail`
--
ALTER TABLE `tbl_doctoravail`
  MODIFY `Avail_id` int(10) NOT NULL AUTO_INCREMENT, AUTO_INCREMENT=2;

--
-- AUTO_INCREMENT for table `tbl_doctorschedule`
--
ALTER TABLE `tbl_doctorschedule`
  MODIFY `Sch_id` int(15) NOT NULL AUTO_INCREMENT, AUTO_INCREMENT=5;

--
-- AUTO_INCREMENT for table `tbl_feedback`
--
ALTER TABLE `tbl_feedback`
  MODIFY `Feedbackid` int(10) NOT NULL AUTO_INCREMENT;

--
-- AUTO_INCREMENT for table `tbl_leave`
--
ALTER TABLE `tbl_leave`
  MODIFY `Leave_id` int(15) NOT NULL AUTO_INCREMENT, AUTO_INCREMENT=2;

--
-- AUTO_INCREMENT for table `tbl_login`
--
ALTER TABLE `tbl_login`
  MODIFY `Login_id` int(15) NOT NULL AUTO_INCREMENT, AUTO_INCREMENT=38;

--
-- AUTO_INCREMENT for table `tbl_patientreg`
--
ALTER TABLE `tbl_patientreg`
  MODIFY `Patient_id` int(15) NOT NULL AUTO_INCREMENT, AUTO_INCREMENT=3;

--
-- AUTO_INCREMENT for table `tbl_phrmquali`
--
ALTER TABLE `tbl_phrmquali`
  MODIFY `Phrm_id` int(15) NOT NULL AUTO_INCREMENT, AUTO_INCREMENT=4;

--
-- AUTO_INCREMENT for table `tbl_prescription`
--
ALTER TABLE `tbl_prescription`
  MODIFY `Pres_id` int(15) NOT NULL AUTO_INCREMENT;

--
-- AUTO_INCREMENT for table `tbl_quali`
--
ALTER TABLE `tbl_quali`
  MODIFY `Quali_id` int(15) NOT NULL AUTO_INCREMENT, AUTO_INCREMENT=4;

--
-- AUTO_INCREMENT for table `tbl_rquali`
--
ALTER TABLE `tbl_rquali`
  MODIFY `Rquali_id` int(15) NOT NULL AUTO_INCREMENT, AUTO_INCREMENT=3;

--
-- AUTO_INCREMENT for table `tbl_schedule`
--
ALTER TABLE `tbl_schedule`
  MODIFY `Sch_id` int(15) NOT NULL AUTO_INCREMENT, AUTO_INCREMENT=5;

--
-- AUTO_INCREMENT for table `tbl_session`
--
ALTER TABLE `tbl_session`
  MODIFY `Session_id` int(15) NOT NULL AUTO_INCREMENT, AUTO_INCREMENT=4;

--
-- AUTO_INCREMENT for table `tbl_specialization`
--
ALTER TABLE `tbl_specialization`
  MODIFY `Spec_id` int(15) NOT NULL AUTO_INCREMENT, AUTO_INCREMENT=5;

--
-- AUTO_INCREMENT for table `tbl_timeslot`
--
ALTER TABLE `tbl_timeslot`
  MODIFY `Slot_id` int(15) NOT NULL AUTO_INCREMENT, AUTO_INCREMENT=9;

--
-- Constraints for dumped tables
--

--
-- Constraints for table `addmedicine`
--
ALTER TABLE `addmedicine`
  ADD CONSTRAINT `addmedicine_ibfk_1` FOREIGN KEY (`Category`) REFERENCES `tbl_category` (`cat_id`);

--
-- Constraints for table `tbl_adddoctor`
--
ALTER TABLE `tbl_adddoctor`
  ADD CONSTRAINT `tbl_adddoctor_ibfk_1` FOREIGN KEY (`Login_id`) REFERENCES `tbl_login` (`Login_id`),
  ADD CONSTRAINT `tbl_adddoctor_ibfk_2` FOREIGN KEY (`D_qualification`) REFERENCES `tbl_quali` (`Quali_id`),
  ADD CONSTRAINT `tbl_adddoctor_ibfk_3` FOREIGN KEY (`D_specialization`) REFERENCES `tbl_specialization` (`Spec_id`);

--
-- Constraints for table `tbl_addpharmacist`
--
ALTER TABLE `tbl_addpharmacist`
  ADD CONSTRAINT `tbl_addpharmacist_ibfk_1` FOREIGN KEY (`Login_id`) REFERENCES `tbl_login` (`Login_id`),
  ADD CONSTRAINT `tbl_addpharmacist_ibfk_2` FOREIGN KEY (`Qualification`) REFERENCES `tbl_phrmquali` (`Phrm_id`);

--
-- Constraints for table `tbl_addreceptionist`
--
ALTER TABLE `tbl_addreceptionist`
  ADD CONSTRAINT `tbl_addreceptionist_ibfk_1` FOREIGN KEY (`Login_id`) REFERENCES `tbl_login` (`Login_id`);

--
-- Constraints for table `tbl_appointdoc`
--
ALTER TABLE `tbl_appointdoc`
  ADD CONSTRAINT `tbl_appointdoc_ibfk_1` FOREIGN KEY (`Doctor_id`) REFERENCES `tbl_adddoctor` (`Doctor_id`),
  ADD CONSTRAINT `tbl_appointdoc_ibfk_2` FOREIGN KEY (`Patient_id`) REFERENCES `tbl_patientreg` (`Patient_id`),
  ADD CONSTRAINT `tbl_appointdoc_ibfk_3` FOREIGN KEY (`Time_id`) REFERENCES `tbl_addtimeslot` (`Time_id`);

--
-- Constraints for table `tbl_appointment1`
--
ALTER TABLE `tbl_appointment1`
  ADD CONSTRAINT `tbl_appointment1_ibfk_1` FOREIGN KEY (`Doctor_id`) REFERENCES `tbl_adddoctor` (`Doctor_id`),
  ADD CONSTRAINT `tbl_appointment1_ibfk_2` FOREIGN KEY (`Patient_id`) REFERENCES `tbl_patientreg` (`Patient_id`),
  ADD CONSTRAINT `tbl_appointment1_ibfk_3` FOREIGN KEY (`Day_id`) REFERENCES `tbl_days` (`Day_id`),
  ADD CONSTRAINT `tbl_appointment1_ibfk_4` FOREIGN KEY (`Slot_id`) REFERENCES `tbl_timeslot` (`Slot_id`);

--
-- Constraints for table `tbl_doctoravail`
--
ALTER TABLE `tbl_doctoravail`
  ADD CONSTRAINT `tbl_doctoravail_ibfk_1` FOREIGN KEY (`Doctor_id`) REFERENCES `tbl_adddoctor` (`Doctor_id`);

--
-- Constraints for table `tbl_doctorschedule`
--
ALTER TABLE `tbl_doctorschedule`
  ADD CONSTRAINT `tbl_doctorschedule_ibfk_1` FOREIGN KEY (`Doctor_id`) REFERENCES `tbl_adddoctor` (`Doctor_id`),
  ADD CONSTRAINT `tbl_doctorschedule_ibfk_2` FOREIGN KEY (`Day_id`) REFERENCES `tbl_days` (`Day_id`),
  ADD CONSTRAINT `tbl_doctorschedule_ibfk_3` FOREIGN KEY (`Slot_id`) REFERENCES `tbl_timeslot` (`Slot_id`);

--
-- Constraints for table `tbl_patientreg`
--
ALTER TABLE `tbl_patientreg`
  ADD CONSTRAINT `tbl_patientreg_ibfk_1` FOREIGN KEY (`Login_id`) REFERENCES `tbl_login` (`Login_id`);

--
-- Constraints for table `tbl_prescription`
--
ALTER TABLE `tbl_prescription`
  ADD CONSTRAINT `tbl_prescription_ibfk_1` FOREIGN KEY (`Patient_id`) REFERENCES `tbl_patientreg` (`Patient_id`),
  ADD CONSTRAINT `tbl_prescription_ibfk_2` FOREIGN KEY (`Doctor_id`) REFERENCES `tbl_adddoctor` (`Doctor_id`);

--
-- Constraints for table `tbl_schedule`
--
ALTER TABLE `tbl_schedule`
  ADD CONSTRAINT `tbl_schedule_ibfk_1` FOREIGN KEY (`Doctor_id`) REFERENCES `tbl_adddoctor` (`Doctor_id`),
  ADD CONSTRAINT `tbl_schedule_ibfk_2` FOREIGN KEY (`Slot_id`) REFERENCES `tbl_addtimeslot` (`Time_id`);
COMMIT;

/*!40101 SET CHARACTER_SET_CLIENT=@OLD_CHARACTER_SET_CLIENT */;
/*!40101 SET CHARACTER_SET_RESULTS=@OLD_CHARACTER_SET_RESULTS */;
/*!40101 SET COLLATION_CONNECTION=@OLD_COLLATION_CONNECTION */;
